<?xml version='1.0' encoding='UTF-8'?>
<gpx version="1.1" creator="https://www.komoot.de" xmlns="http://www.topografix.com/GPX/1/1" xmlns:xsi="http://www.w3.org/2001/XMLSchema-instance" xsi:schemaLocation="http://www.topografix.com/GPX/1/1 http://www.topografix.com/GPX/1/1/gpx.xsd">
  <metadata>
    <name>Pyrenäen Tag 2</name>
    <author>
      <link href="https://www.komoot.de">
        <text>komoot</text>
        <type>text/html</type>
      </link>
    </author>
  </metadata>
  <trk>
    <name>Pyrenäen Tag 2</name>
    <trkseg>
      <trkpt lat="43.163755" lon="-1.236698">
        <ele>177.687704</ele>
        <time>2026-03-14T08:37:16.027Z</time>
      </trkpt>
      <trkpt lat="43.163826" lon="-1.236591">
        <ele>177.687704</ele>
        <time>2026-03-14T08:37:18.098Z</time>
      </trkpt>
      <trkpt lat="43.163851" lon="-1.236526">
        <ele>177.687704</ele>
        <time>2026-03-14T08:37:19.204Z</time>
      </trkpt>
      <trkpt lat="43.164038" lon="-1.236050">
        <ele>177.687704</ele>
        <time>2026-03-14T08:37:27.567Z</time>
      </trkpt>
      <trkpt lat="43.164050" lon="-1.235891">
        <ele>177.687704</ele>
        <time>2026-03-14T08:37:30.239Z</time>
      </trkpt>
      <trkpt lat="43.164086" lon="-1.235636">
        <ele>177.687704</ele>
        <time>2026-03-14T08:37:34.810Z</time>
      </trkpt>
      <trkpt lat="43.164091" lon="-1.235563">
        <ele>177.770312</ele>
        <time>2026-03-14T08:37:36.577Z</time>
      </trkpt>
      <trkpt lat="43.164109" lon="-1.235332">
        <ele>178.795119</ele>
        <time>2026-03-14T08:37:41.919Z</time>
      </trkpt>
      <trkpt lat="43.164112" lon="-1.234967">
        <ele>180.405342</ele>
        <time>2026-03-14T08:37:50.044Z</time>
      </trkpt>
      <trkpt lat="43.163989" lon="-1.234212">
        <ele>183.817934</ele>
        <time>2026-03-14T08:38:11.315Z</time>
      </trkpt>
      <trkpt lat="43.163955" lon="-1.234059">
        <ele>184.523491</ele>
        <time>2026-03-14T08:38:16.710Z</time>
      </trkpt>
      <trkpt lat="43.163949" lon="-1.234028">
        <ele>184.664974</ele>
        <time>2026-03-14T08:38:17.762Z</time>
      </trkpt>
      <trkpt lat="43.163810" lon="-1.233357">
        <ele>187.742022</ele>
        <time>2026-03-14T08:38:42.332Z</time>
      </trkpt>
      <trkpt lat="43.163582" lon="-1.232775">
        <ele>189.754070</ele>
        <time>2026-03-14T08:39:06.189Z</time>
      </trkpt>
      <trkpt lat="43.163437" lon="-1.232473">
        <ele>190.660720</ele>
        <time>2026-03-14T08:39:16.935Z</time>
      </trkpt>
      <trkpt lat="43.163297" lon="-1.232228">
        <ele>191.441177</ele>
        <time>2026-03-14T08:39:25.641Z</time>
      </trkpt>
      <trkpt lat="43.162990" lon="-1.231798">
        <ele>192.950042</ele>
        <time>2026-03-14T08:39:41.612Z</time>
      </trkpt>
      <trkpt lat="43.162675" lon="-1.231446">
        <ele>194.347156</ele>
        <time>2026-03-14T08:39:46.821Z</time>
      </trkpt>
      <trkpt lat="43.162526" lon="-1.231190">
        <ele>193.853173</ele>
        <time>2026-03-14T08:39:49.082Z</time>
      </trkpt>
      <trkpt lat="43.162369" lon="-1.230831">
        <ele>191.609466</ele>
        <time>2026-03-14T08:39:51.801Z</time>
      </trkpt>
      <trkpt lat="43.162584" lon="-1.229768">
        <ele>185.696494</ele>
        <time>2026-03-14T08:39:58.770Z</time>
      </trkpt>
      <trkpt lat="43.162681" lon="-1.229390">
        <ele>183.548583</ele>
        <time>2026-03-14T08:40:01.294Z</time>
      </trkpt>
      <trkpt lat="43.162808" lon="-1.228893">
        <ele>181.241411</ele>
        <time>2026-03-14T08:40:04.653Z</time>
      </trkpt>
      <trkpt lat="43.163200" lon="-1.228179">
        <ele>179.516658</ele>
        <time>2026-03-14T08:40:11.056Z</time>
      </trkpt>
      <trkpt lat="43.163327" lon="-1.227827">
        <ele>178.758734</ele>
        <time>2026-03-14T08:40:14.608Z</time>
      </trkpt>
      <trkpt lat="43.163651" lon="-1.226020">
        <ele>175.336181</ele>
        <time>2026-03-14T08:40:34.395Z</time>
      </trkpt>
      <trkpt lat="43.163892" lon="-1.224850">
        <ele>173.236513</ele>
        <time>2026-03-14T08:40:43.392Z</time>
      </trkpt>
      <trkpt lat="43.164049" lon="-1.224194">
        <ele>171.975466</ele>
        <time>2026-03-14T08:40:48.224Z</time>
      </trkpt>
      <trkpt lat="43.164123" lon="-1.224047">
        <ele>171.621870</ele>
        <time>2026-03-14T08:40:49.488Z</time>
      </trkpt>
      <trkpt lat="43.164147" lon="-1.223869">
        <ele>171.263515</ele>
        <time>2026-03-14T08:40:50.780Z</time>
      </trkpt>
      <trkpt lat="43.164141" lon="-1.223587">
        <ele>170.705003</ele>
        <time>2026-03-14T08:40:52.800Z</time>
      </trkpt>
      <trkpt lat="43.164256" lon="-1.223085">
        <ele>169.663335</ele>
        <time>2026-03-14T08:40:56.668Z</time>
      </trkpt>
      <trkpt lat="43.164245" lon="-1.222859">
        <ele>169.214929</ele>
        <time>2026-03-14T08:40:58.405Z</time>
      </trkpt>
      <trkpt lat="43.164274" lon="-1.222509">
        <ele>168.517581</ele>
        <time>2026-03-14T08:41:01.240Z</time>
      </trkpt>
      <trkpt lat="43.164360" lon="-1.221973">
        <ele>167.639393</ele>
        <time>2026-03-14T08:41:06.143Z</time>
      </trkpt>
      <trkpt lat="43.164522" lon="-1.221278">
        <ele>167.693882</ele>
        <time>2026-03-14T08:41:13.763Z</time>
      </trkpt>
      <trkpt lat="43.164662" lon="-1.220883">
        <ele>167.726679</ele>
        <time>2026-03-14T08:41:18.842Z</time>
      </trkpt>
      <trkpt lat="43.164747" lon="-1.220526">
        <ele>167.754724</ele>
        <time>2026-03-14T08:41:23.356Z</time>
      </trkpt>
      <trkpt lat="43.164797" lon="-1.220165">
        <ele>167.782165</ele>
        <time>2026-03-14T08:41:27.888Z</time>
      </trkpt>
      <trkpt lat="43.164756" lon="-1.219883">
        <ele>167.803639</ele>
        <time>2026-03-14T08:41:31.535Z</time>
      </trkpt>
      <trkpt lat="43.164763" lon="-1.219694">
        <ele>167.836439</ele>
        <time>2026-03-14T08:41:33.971Z</time>
      </trkpt>
      <trkpt lat="43.165045" lon="-1.218875">
        <ele>168.608110</ele>
        <time>2026-03-14T08:41:45.940Z</time>
      </trkpt>
      <trkpt lat="43.165287" lon="-1.218631">
        <ele>168.959020</ele>
        <time>2026-03-14T08:41:51.847Z</time>
      </trkpt>
      <trkpt lat="43.165632" lon="-1.218060">
        <ele>169.590777</ele>
        <time>2026-03-14T08:42:03.002Z</time>
      </trkpt>
      <trkpt lat="43.165777" lon="-1.217920">
        <ele>169.797947</ele>
        <time>2026-03-14T08:42:06.767Z</time>
      </trkpt>
      <trkpt lat="43.165969" lon="-1.217757">
        <ele>170.119720</ele>
        <time>2026-03-14T08:42:11.572Z</time>
      </trkpt>
      <trkpt lat="43.166203" lon="-1.217631">
        <ele>170.531072</ele>
        <time>2026-03-14T08:42:16.950Z</time>
      </trkpt>
      <trkpt lat="43.166221" lon="-1.217502">
        <ele>170.687817</ele>
        <time>2026-03-14T08:42:19.007Z</time>
      </trkpt>
      <trkpt lat="43.166232" lon="-1.217460">
        <ele>170.741075</ele>
        <time>2026-03-14T08:42:19.709Z</time>
      </trkpt>
      <trkpt lat="43.166238" lon="-1.217413">
        <ele>170.798019</ele>
        <time>2026-03-14T08:42:20.479Z</time>
      </trkpt>
      <trkpt lat="43.166237" lon="-1.217366">
        <ele>170.854135</ele>
        <time>2026-03-14T08:42:21.231Z</time>
      </trkpt>
      <trkpt lat="43.166229" lon="-1.217313">
        <ele>170.918727</ele>
        <time>2026-03-14T08:42:22.081Z</time>
      </trkpt>
      <trkpt lat="43.166216" lon="-1.217267">
        <ele>170.977602</ele>
        <time>2026-03-14T08:42:22.846Z</time>
      </trkpt>
      <trkpt lat="43.166198" lon="-1.217224">
        <ele>171.036771</ele>
        <time>2026-03-14T08:42:23.655Z</time>
      </trkpt>
      <trkpt lat="43.166176" lon="-1.217187">
        <ele>171.093742</ele>
        <time>2026-03-14T08:42:24.414Z</time>
      </trkpt>
      <trkpt lat="43.166211" lon="-1.216680">
        <ele>171.701518</ele>
        <time>2026-03-14T08:42:32.545Z</time>
      </trkpt>
      <trkpt lat="43.166212" lon="-1.216368">
        <ele>172.073873</ele>
        <time>2026-03-14T08:42:37.447Z</time>
      </trkpt>
      <trkpt lat="43.166213" lon="-1.216146">
        <ele>172.338821</ele>
        <time>2026-03-14T08:42:40.895Z</time>
      </trkpt>
      <trkpt lat="43.166136" lon="-1.215440">
        <ele>173.246410</ele>
        <time>2026-03-14T08:42:51.641Z</time>
      </trkpt>
      <trkpt lat="43.165777" lon="-1.213996">
        <ele>175.373574</ele>
        <time>2026-03-14T08:43:16.411Z</time>
      </trkpt>
      <trkpt lat="43.165367" lon="-1.210795">
        <ele>180.176320</ele>
        <time>2026-03-14T08:44:12.722Z</time>
      </trkpt>
      <trkpt lat="43.166195" lon="-1.210344">
        <ele>180.953830</ele>
        <time>2026-03-14T08:44:29.943Z</time>
      </trkpt>
      <trkpt lat="43.166629" lon="-1.210108">
        <ele>181.361273</ele>
        <time>2026-03-14T08:44:37.402Z</time>
      </trkpt>
      <trkpt lat="43.166694" lon="-1.210073">
        <ele>181.422215</ele>
        <time>2026-03-14T08:44:38.433Z</time>
      </trkpt>
      <trkpt lat="43.166544" lon="-1.208737">
        <ele>182.203971</ele>
        <time>2026-03-14T08:44:53.786Z</time>
      </trkpt>
      <trkpt lat="43.166317" lon="-1.206661">
        <ele>183.691426</ele>
        <time>2026-03-14T08:45:23.064Z</time>
      </trkpt>
      <trkpt lat="43.166235" lon="-1.205919">
        <ele>184.513433</ele>
        <time>2026-03-14T08:45:34.633Z</time>
      </trkpt>
      <trkpt lat="43.166201" lon="-1.205607">
        <ele>184.858967</ele>
        <time>2026-03-14T08:45:39.571Z</time>
      </trkpt>
      <trkpt lat="43.166048" lon="-1.204229">
        <ele>186.475462</ele>
        <time>2026-03-14T08:46:01.624Z</time>
      </trkpt>
      <trkpt lat="43.165982" lon="-1.203998">
        <ele>186.784897</ele>
        <time>2026-03-14T08:46:05.679Z</time>
      </trkpt>
      <trkpt lat="43.165925" lon="-1.203912">
        <ele>186.929833</ele>
        <time>2026-03-14T08:46:07.549Z</time>
      </trkpt>
      <trkpt lat="43.165846" lon="-1.203770">
        <ele>187.152586</ele>
        <time>2026-03-14T08:46:10.422Z</time>
      </trkpt>
      <trkpt lat="43.165844" lon="-1.203690">
        <ele>187.252426</ele>
        <time>2026-03-14T08:46:11.717Z</time>
      </trkpt>
      <trkpt lat="43.165899" lon="-1.203561">
        <ele>187.438796</ele>
        <time>2026-03-14T08:46:14.079Z</time>
      </trkpt>
      <trkpt lat="43.165940" lon="-1.203251">
        <ele>187.831753</ele>
        <time>2026-03-14T08:46:19.048Z</time>
      </trkpt>
      <trkpt lat="43.165860" lon="-1.202512">
        <ele>188.763579</ele>
        <time>2026-03-14T08:46:30.498Z</time>
      </trkpt>
      <trkpt lat="43.165659" lon="-1.200625">
        <ele>191.732523</ele>
        <time>2026-03-14T08:47:01.173Z</time>
      </trkpt>
      <trkpt lat="43.165385" lon="-1.198192">
        <ele>196.802938</ele>
        <time>2026-03-14T08:47:50.537Z</time>
      </trkpt>
      <trkpt lat="43.165297" lon="-1.197429">
        <ele>198.315514</ele>
        <time>2026-03-14T08:48:05.880Z</time>
      </trkpt>
      <trkpt lat="43.165250" lon="-1.197071">
        <ele>198.687195</ele>
        <time>2026-03-14T08:48:12.715Z</time>
      </trkpt>
      <trkpt lat="43.165233" lon="-1.196942">
        <ele>198.821140</ele>
        <time>2026-03-14T08:48:14.962Z</time>
      </trkpt>
      <trkpt lat="43.165136" lon="-1.196181">
        <ele>199.610511</ele>
        <time>2026-03-14T08:48:26.607Z</time>
      </trkpt>
      <trkpt lat="43.165118" lon="-1.195882">
        <ele>199.917067</ele>
        <time>2026-03-14T08:48:30.792Z</time>
      </trkpt>
      <trkpt lat="43.165158" lon="-1.195542">
        <ele>200.268968</ele>
        <time>2026-03-14T08:48:35.559Z</time>
      </trkpt>
      <trkpt lat="43.165185" lon="-1.195363">
        <ele>200.455739</ele>
        <time>2026-03-14T08:48:38.042Z</time>
      </trkpt>
      <trkpt lat="43.165312" lon="-1.194617">
        <ele>200.478145</ele>
        <time>2026-03-14T08:48:45.817Z</time>
      </trkpt>
      <trkpt lat="43.165346" lon="-1.194275">
        <ele>200.364844</ele>
        <time>2026-03-14T08:48:48.644Z</time>
      </trkpt>
      <trkpt lat="43.165356" lon="-1.194179">
        <ele>200.333012</ele>
        <time>2026-03-14T08:48:49.377Z</time>
      </trkpt>
      <trkpt lat="43.165392" lon="-1.193874">
        <ele>200.231593</ele>
        <time>2026-03-14T08:48:51.812Z</time>
      </trkpt>
      <trkpt lat="43.165021" lon="-1.193701">
        <ele>200.055234</ele>
        <time>2026-03-14T08:48:56.606Z</time>
      </trkpt>
      <trkpt lat="43.164971" lon="-1.193679">
        <ele>200.031601</ele>
        <time>2026-03-14T08:48:57.390Z</time>
      </trkpt>
      <trkpt lat="43.164521" lon="-1.193402">
        <ele>200.012390</ele>
        <time>2026-03-14T08:49:05.384Z</time>
      </trkpt>
      <trkpt lat="43.164379" lon="-1.193315">
        <ele>200.265403</ele>
        <time>2026-03-14T08:49:08.387Z</time>
      </trkpt>
      <trkpt lat="43.163423" lon="-1.192748">
        <ele>201.959851</ele>
        <time>2026-03-14T08:49:32.973Z</time>
      </trkpt>
      <trkpt lat="43.162379" lon="-1.192084">
        <ele>203.408091</ele>
        <time>2026-03-14T08:49:57.507Z</time>
      </trkpt>
      <trkpt lat="43.162285" lon="-1.192022">
        <ele>203.509436</ele>
        <time>2026-03-14T08:49:59.107Z</time>
      </trkpt>
      <trkpt lat="43.161816" lon="-1.191625">
        <ele>204.044947</ele>
        <time>2026-03-14T08:50:07.946Z</time>
      </trkpt>
      <trkpt lat="43.159886" lon="-1.189844">
        <ele>206.498299</ele>
        <time>2026-03-14T08:50:51.449Z</time>
      </trkpt>
      <trkpt lat="43.158857" lon="-1.188942">
        <ele>208.792940</ele>
        <time>2026-03-14T08:51:18.261Z</time>
      </trkpt>
      <trkpt lat="43.157177" lon="-1.187410">
        <ele>213.246230</ele>
        <time>2026-03-14T08:52:07.584Z</time>
      </trkpt>
      <trkpt lat="43.156157" lon="-1.186381">
        <ele>216.302809</ele>
        <time>2026-03-14T08:52:37.314Z</time>
      </trkpt>
      <trkpt lat="43.155575" lon="-1.185806">
        <ele>218.055414</ele>
        <time>2026-03-14T08:52:55.106Z</time>
      </trkpt>
      <trkpt lat="43.155264" lon="-1.185447">
        <ele>219.373360</ele>
        <time>2026-03-14T08:53:06.004Z</time>
      </trkpt>
      <trkpt lat="43.155156" lon="-1.185275">
        <ele>219.980349</ele>
        <time>2026-03-14T08:53:10.653Z</time>
      </trkpt>
      <trkpt lat="43.155009" lon="-1.184902">
        <ele>221.114280</ele>
        <time>2026-03-14T08:53:19.713Z</time>
      </trkpt>
      <trkpt lat="43.154944" lon="-1.184648">
        <ele>221.834238</ele>
        <time>2026-03-14T08:53:25.734Z</time>
      </trkpt>
      <trkpt lat="43.154599" lon="-1.183053">
        <ele>226.461526</ele>
        <time>2026-03-14T08:54:03.336Z</time>
      </trkpt>
      <trkpt lat="43.154444" lon="-1.182133">
        <ele>229.334950</ele>
        <time>2026-03-14T08:54:25.221Z</time>
      </trkpt>
      <trkpt lat="43.154221" lon="-1.180787">
        <ele>233.228164</ele>
        <time>2026-03-14T08:54:57.471Z</time>
      </trkpt>
      <trkpt lat="43.154111" lon="-1.180461">
        <ele>233.997489</ele>
        <time>2026-03-14T08:55:05.912Z</time>
      </trkpt>
      <trkpt lat="43.152963" lon="-1.179159">
        <ele>237.562884</ele>
        <time>2026-03-14T08:55:44.452Z</time>
      </trkpt>
      <trkpt lat="43.151833" lon="-1.177872">
        <ele>235.991929</ele>
        <time>2026-03-14T08:56:01.555Z</time>
      </trkpt>
      <trkpt lat="43.151742" lon="-1.177698">
        <ele>235.766281</ele>
        <time>2026-03-14T08:56:03.082Z</time>
      </trkpt>
      <trkpt lat="43.151678" lon="-1.177495">
        <ele>235.264912</ele>
        <time>2026-03-14T08:56:04.646Z</time>
      </trkpt>
      <trkpt lat="43.151555" lon="-1.176930">
        <ele>233.928152</ele>
        <time>2026-03-14T08:56:08.828Z</time>
      </trkpt>
      <trkpt lat="43.151402" lon="-1.176237">
        <ele>232.286639</ele>
        <time>2026-03-14T08:56:13.964Z</time>
      </trkpt>
      <trkpt lat="43.151100" lon="-1.174999">
        <ele>230.190732</ele>
        <time>2026-03-14T08:56:24.136Z</time>
      </trkpt>
      <trkpt lat="43.150850" lon="-1.174256">
        <ele>230.041718</ele>
        <time>2026-03-14T08:56:32.147Z</time>
      </trkpt>
      <trkpt lat="43.150655" lon="-1.173833">
        <ele>229.950590</ele>
        <time>2026-03-14T08:56:37.987Z</time>
      </trkpt>
      <trkpt lat="43.149726" lon="-1.172462">
        <ele>230.476925</ele>
        <time>2026-03-14T08:57:04.332Z</time>
      </trkpt>
      <trkpt lat="43.149059" lon="-1.171745">
        <ele>231.150229</ele>
        <time>2026-03-14T08:57:18.616Z</time>
      </trkpt>
      <trkpt lat="43.148933" lon="-1.171644">
        <ele>231.274697</ele>
        <time>2026-03-14T08:57:21.010Z</time>
      </trkpt>
      <trkpt lat="43.148487" lon="-1.171387">
        <ele>231.820189</ele>
        <time>2026-03-14T08:57:29.319Z</time>
      </trkpt>
      <trkpt lat="43.148223" lon="-1.171137">
        <ele>232.181979</ele>
        <time>2026-03-14T08:57:35.310Z</time>
      </trkpt>
      <trkpt lat="43.148125" lon="-1.170967">
        <ele>232.360207</ele>
        <time>2026-03-14T08:57:38.296Z</time>
      </trkpt>
      <trkpt lat="43.147753" lon="-1.170152">
        <ele>233.151021</ele>
        <time>2026-03-14T08:57:52.202Z</time>
      </trkpt>
      <trkpt lat="43.147220" lon="-1.169338">
        <ele>234.910304</ele>
        <time>2026-03-14T08:58:11.388Z</time>
      </trkpt>
      <trkpt lat="43.147098" lon="-1.169096">
        <ele>235.419974</ele>
        <time>2026-03-14T08:58:16.518Z</time>
      </trkpt>
      <trkpt lat="43.146977" lon="-1.168823">
        <ele>235.973440</ele>
        <time>2026-03-14T08:58:22.055Z</time>
      </trkpt>
      <trkpt lat="43.146856" lon="-1.168453">
        <ele>236.675990</ele>
        <time>2026-03-14T08:58:29.313Z</time>
      </trkpt>
      <trkpt lat="43.146773" lon="-1.168189">
        <ele>237.174082</ele>
        <time>2026-03-14T08:58:34.647Z</time>
      </trkpt>
      <trkpt lat="43.146633" lon="-1.167941">
        <ele>237.806933</ele>
        <time>2026-03-14T08:58:40.786Z</time>
      </trkpt>
      <trkpt lat="43.146043" lon="-1.167290">
        <ele>240.541475</ele>
        <time>2026-03-14T08:59:01.963Z</time>
      </trkpt>
      <trkpt lat="43.145573" lon="-1.166777">
        <ele>242.710638</ele>
        <time>2026-03-14T08:59:19.427Z</time>
      </trkpt>
      <trkpt lat="43.145485" lon="-1.166722">
        <ele>243.059817</ele>
        <time>2026-03-14T08:59:22.547Z</time>
      </trkpt>
      <trkpt lat="43.144970" lon="-1.166560">
        <ele>244.594223</ele>
        <time>2026-03-14T08:59:40.334Z</time>
      </trkpt>
      <trkpt lat="43.144865" lon="-1.166481">
        <ele>244.852845</ele>
        <time>2026-03-14T08:59:44.399Z</time>
      </trkpt>
      <trkpt lat="43.144826" lon="-1.166415">
        <ele>244.986640</ele>
        <time>2026-03-14T08:59:46.458Z</time>
      </trkpt>
      <trkpt lat="43.144778" lon="-1.166242">
        <ele>245.278218</ele>
        <time>2026-03-14T08:59:50.903Z</time>
      </trkpt>
      <trkpt lat="43.144759" lon="-1.165962">
        <ele>245.721222</ele>
        <time>2026-03-14T08:59:57.266Z</time>
      </trkpt>
      <trkpt lat="43.144809" lon="-1.165251">
        <ele>246.846494</ele>
        <time>2026-03-14T09:00:09.770Z</time>
      </trkpt>
      <trkpt lat="43.144924" lon="-1.164722">
        <ele>247.716062</ele>
        <time>2026-03-14T09:00:16.198Z</time>
      </trkpt>
      <trkpt lat="43.144971" lon="-1.164569">
        <ele>247.834810</ele>
        <time>2026-03-14T09:00:17.638Z</time>
      </trkpt>
      <trkpt lat="43.145048" lon="-1.164367">
        <ele>247.264868</ele>
        <time>2026-03-14T09:00:19.482Z</time>
      </trkpt>
      <trkpt lat="43.145106" lon="-1.164224">
        <ele>246.855718</ele>
        <time>2026-03-14T09:00:20.739Z</time>
      </trkpt>
      <trkpt lat="43.145128" lon="-1.164084">
        <ele>246.497582</ele>
        <time>2026-03-14T09:00:21.809Z</time>
      </trkpt>
      <trkpt lat="43.144756" lon="-1.162886">
        <ele>243.241624</ele>
        <time>2026-03-14T09:00:30.841Z</time>
      </trkpt>
      <trkpt lat="43.144657" lon="-1.162530">
        <ele>242.288873</ele>
        <time>2026-03-14T09:00:33.532Z</time>
      </trkpt>
      <trkpt lat="43.144639" lon="-1.162369">
        <ele>241.881547</ele>
        <time>2026-03-14T09:00:34.703Z</time>
      </trkpt>
      <trkpt lat="43.144635" lon="-1.162095">
        <ele>241.586532</ele>
        <time>2026-03-14T09:00:36.705Z</time>
      </trkpt>
      <trkpt lat="43.144665" lon="-1.161839">
        <ele>241.388955</ele>
        <time>2026-03-14T09:00:38.642Z</time>
      </trkpt>
      <trkpt lat="43.144719" lon="-1.161281">
        <ele>240.960023</ele>
        <time>2026-03-14T09:00:43.096Z</time>
      </trkpt>
      <trkpt lat="43.144661" lon="-1.160499">
        <ele>240.361051</ele>
        <time>2026-03-14T09:00:50.959Z</time>
      </trkpt>
      <trkpt lat="43.144687" lon="-1.159890">
        <ele>239.896186</ele>
        <time>2026-03-14T09:00:59.613Z</time>
      </trkpt>
      <trkpt lat="43.144714" lon="-1.159250">
        <ele>240.167695</ele>
        <time>2026-03-14T09:01:08.945Z</time>
      </trkpt>
      <trkpt lat="43.144700" lon="-1.159065">
        <ele>240.254457</ele>
        <time>2026-03-14T09:01:11.583Z</time>
      </trkpt>
      <trkpt lat="43.144648" lon="-1.158879">
        <ele>240.347373</ele>
        <time>2026-03-14T09:01:14.374Z</time>
      </trkpt>
      <trkpt lat="43.144354" lon="-1.158239">
        <ele>240.700166</ele>
        <time>2026-03-14T09:01:24.387Z</time>
      </trkpt>
      <trkpt lat="43.144258" lon="-1.157853">
        <ele>240.890402</ele>
        <time>2026-03-14T09:01:28.910Z</time>
      </trkpt>
      <trkpt lat="43.144132" lon="-1.156729">
        <ele>241.079715</ele>
        <time>2026-03-14T09:01:40.309Z</time>
      </trkpt>
      <trkpt lat="43.143933" lon="-1.155636">
        <ele>241.147664</ele>
        <time>2026-03-14T09:01:53.204Z</time>
      </trkpt>
      <trkpt lat="43.143843" lon="-1.154785">
        <ele>241.246240</ele>
        <time>2026-03-14T09:02:03.214Z</time>
      </trkpt>
      <trkpt lat="43.143763" lon="-1.154081">
        <ele>241.381336</ele>
        <time>2026-03-14T09:02:11.681Z</time>
      </trkpt>
      <trkpt lat="43.143677" lon="-1.153920">
        <ele>241.419169</ele>
        <time>2026-03-14T09:02:13.992Z</time>
      </trkpt>
      <trkpt lat="43.143551" lon="-1.153822">
        <ele>241.456818</ele>
        <time>2026-03-14T09:02:16.232Z</time>
      </trkpt>
      <trkpt lat="43.143195" lon="-1.153631">
        <ele>241.556168</ele>
        <time>2026-03-14T09:02:21.810Z</time>
      </trkpt>
      <trkpt lat="43.143018" lon="-1.153593">
        <ele>241.602726</ele>
        <time>2026-03-14T09:02:24.332Z</time>
      </trkpt>
      <trkpt lat="43.141971" lon="-1.153694">
        <ele>242.977428</ele>
        <time>2026-03-14T09:02:42.419Z</time>
      </trkpt>
      <trkpt lat="43.141743" lon="-1.153628">
        <ele>243.327708</ele>
        <time>2026-03-14T09:02:47.428Z</time>
      </trkpt>
      <trkpt lat="43.141020" lon="-1.153291">
        <ele>244.592399</ele>
        <time>2026-03-14T09:03:06.551Z</time>
      </trkpt>
      <trkpt lat="43.140957" lon="-1.153263">
        <ele>244.783612</ele>
        <time>2026-03-14T09:03:08.420Z</time>
      </trkpt>
      <trkpt lat="43.140885" lon="-1.153185">
        <ele>245.048585</ele>
        <time>2026-03-14T09:03:10.964Z</time>
      </trkpt>
      <trkpt lat="43.140379" lon="-1.152033">
        <ele>247.881215</ele>
        <time>2026-03-14T09:03:38.767Z</time>
      </trkpt>
      <trkpt lat="43.140004" lon="-1.151429">
        <ele>249.548542</ele>
        <time>2026-03-14T09:03:53.287Z</time>
      </trkpt>
      <trkpt lat="43.139396" lon="-1.150540">
        <ele>251.273252</ele>
        <time>2026-03-14T09:04:13.757Z</time>
      </trkpt>
      <trkpt lat="43.138826" lon="-1.149616">
        <ele>252.985953</ele>
        <time>2026-03-14T09:04:32.784Z</time>
      </trkpt>
      <trkpt lat="43.137771" lon="-1.147925">
        <ele>255.808777</ele>
        <time>2026-03-14T09:05:07.580Z</time>
      </trkpt>
      <trkpt lat="43.137260" lon="-1.147090">
        <ele>257.454300</ele>
        <time>2026-03-14T09:05:25.881Z</time>
      </trkpt>
      <trkpt lat="43.136713" lon="-1.146298">
        <ele>259.189049</ele>
        <time>2026-03-14T09:05:44.846Z</time>
      </trkpt>
      <trkpt lat="43.136067" lon="-1.145158">
        <ele>261.697529</ele>
        <time>2026-03-14T09:06:10.266Z</time>
      </trkpt>
      <trkpt lat="43.135902" lon="-1.144926">
        <ele>262.290451</ele>
        <time>2026-03-14T09:06:16.256Z</time>
      </trkpt>
      <trkpt lat="43.135395" lon="-1.144337">
        <ele>263.957509</ele>
        <time>2026-03-14T09:06:33.286Z</time>
      </trkpt>
      <trkpt lat="43.135328" lon="-1.144272">
        <ele>264.163400</ele>
        <time>2026-03-14T09:06:35.381Z</time>
      </trkpt>
      <trkpt lat="43.135124" lon="-1.144062">
        <ele>264.733767</ele>
        <time>2026-03-14T09:06:41.849Z</time>
      </trkpt>
      <trkpt lat="43.135095" lon="-1.144035">
        <ele>264.793655</ele>
        <time>2026-03-14T09:06:42.740Z</time>
      </trkpt>
      <trkpt lat="43.134885" lon="-1.143798">
        <ele>265.258364</ele>
        <time>2026-03-14T09:06:49.422Z</time>
      </trkpt>
      <trkpt lat="43.134665" lon="-1.143501">
        <ele>265.785893</ele>
        <time>2026-03-14T09:06:56.641Z</time>
      </trkpt>
      <trkpt lat="43.134501" lon="-1.143177">
        <ele>266.277417</ele>
        <time>2026-03-14T09:07:02.994Z</time>
      </trkpt>
      <trkpt lat="43.134328" lon="-1.142936">
        <ele>266.698818</ele>
        <time>2026-03-14T09:07:08.092Z</time>
      </trkpt>
      <trkpt lat="43.134199" lon="-1.142821">
        <ele>266.961697</ele>
        <time>2026-03-14T09:07:11.075Z</time>
      </trkpt>
      <trkpt lat="43.133437" lon="-1.142370">
        <ele>267.947017</ele>
        <time>2026-03-14T09:07:26.208Z</time>
      </trkpt>
      <trkpt lat="43.131976" lon="-1.141523">
        <ele>269.037604</ele>
        <time>2026-03-14T09:07:53.537Z</time>
      </trkpt>
      <trkpt lat="43.130854" lon="-1.140724">
        <ele>269.929179</ele>
        <time>2026-03-14T09:08:15.273Z</time>
      </trkpt>
      <trkpt lat="43.130605" lon="-1.140562">
        <ele>270.123534</ele>
        <time>2026-03-14T09:08:20.894Z</time>
      </trkpt>
      <trkpt lat="43.130145" lon="-1.140259">
        <ele>270.770871</ele>
        <time>2026-03-14T09:08:30.409Z</time>
      </trkpt>
      <trkpt lat="43.129788" lon="-1.140090">
        <ele>271.272083</ele>
        <time>2026-03-14T09:08:37.057Z</time>
      </trkpt>
      <trkpt lat="43.129576" lon="-1.139990">
        <ele>271.569608</ele>
        <time>2026-03-14T09:08:41.297Z</time>
      </trkpt>
      <trkpt lat="43.129213" lon="-1.139746">
        <ele>272.106145</ele>
        <time>2026-03-14T09:08:49.867Z</time>
      </trkpt>
      <trkpt lat="43.128787" lon="-1.139398">
        <ele>272.946485</ele>
        <time>2026-03-14T09:09:01.159Z</time>
      </trkpt>
      <trkpt lat="43.128012" lon="-1.138526">
        <ele>275.379237</ele>
        <time>2026-03-14T09:09:26.626Z</time>
      </trkpt>
      <trkpt lat="43.127759" lon="-1.138370">
        <ele>276.052279</ele>
        <time>2026-03-14T09:09:34.694Z</time>
      </trkpt>
      <trkpt lat="43.127481" lon="-1.138211">
        <ele>276.783082</ele>
        <time>2026-03-14T09:09:42.339Z</time>
      </trkpt>
      <trkpt lat="43.126998" lon="-1.137926">
        <ele>277.384983</ele>
        <time>2026-03-14T09:09:52.910Z</time>
      </trkpt>
      <trkpt lat="43.126707" lon="-1.137793">
        <ele>277.693556</ele>
        <time>2026-03-14T09:09:58.219Z</time>
      </trkpt>
      <trkpt lat="43.126360" lon="-1.137717">
        <ele>278.047035</ele>
        <time>2026-03-14T09:10:04.168Z</time>
      </trkpt>
      <trkpt lat="43.125888" lon="-1.137474">
        <ele>278.554231</ele>
        <time>2026-03-14T09:10:12.318Z</time>
      </trkpt>
      <trkpt lat="43.125746" lon="-1.137430">
        <ele>278.700676</ele>
        <time>2026-03-14T09:10:14.591Z</time>
      </trkpt>
      <trkpt lat="43.124008" lon="-1.137368">
        <ele>281.069041</ele>
        <time>2026-03-14T09:10:51.328Z</time>
      </trkpt>
      <trkpt lat="43.123592" lon="-1.137288">
        <ele>281.758320</ele>
        <time>2026-03-14T09:10:59.376Z</time>
      </trkpt>
      <trkpt lat="43.123332" lon="-1.137246">
        <ele>282.203858</ele>
        <time>2026-03-14T09:11:04.347Z</time>
      </trkpt>
      <trkpt lat="43.123195" lon="-1.137190">
        <ele>282.447162</ele>
        <time>2026-03-14T09:11:07.219Z</time>
      </trkpt>
      <trkpt lat="43.122644" lon="-1.136897">
        <ele>283.453015</ele>
        <time>2026-03-14T09:11:20.093Z</time>
      </trkpt>
      <trkpt lat="43.122460" lon="-1.136838">
        <ele>283.774611</ele>
        <time>2026-03-14T09:11:24.655Z</time>
      </trkpt>
      <trkpt lat="43.121624" lon="-1.136846">
        <ele>284.758872</ele>
        <time>2026-03-14T09:11:45.293Z</time>
      </trkpt>
      <trkpt lat="43.121308" lon="-1.136916">
        <ele>285.055665</ele>
        <time>2026-03-14T09:11:51.695Z</time>
      </trkpt>
      <trkpt lat="43.121082" lon="-1.136933">
        <ele>285.265522</ele>
        <time>2026-03-14T09:11:55.742Z</time>
      </trkpt>
      <trkpt lat="43.120629" lon="-1.136912">
        <ele>285.685772</ele>
        <time>2026-03-14T09:12:02.596Z</time>
      </trkpt>
      <trkpt lat="43.120250" lon="-1.137035">
        <ele>285.928645</ele>
        <time>2026-03-14T09:12:07.563Z</time>
      </trkpt>
      <trkpt lat="43.120098" lon="-1.136986">
        <ele>285.955516</ele>
        <time>2026-03-14T09:12:09.449Z</time>
      </trkpt>
      <trkpt lat="43.119814" lon="-1.136783">
        <ele>286.010641</ele>
        <time>2026-03-14T09:12:13.310Z</time>
      </trkpt>
      <trkpt lat="43.119429" lon="-1.136563">
        <ele>286.082427</ele>
        <time>2026-03-14T09:12:18.627Z</time>
      </trkpt>
      <trkpt lat="43.118411" lon="-1.136074">
        <ele>286.849555</ele>
        <time>2026-03-14T09:12:40.407Z</time>
      </trkpt>
      <trkpt lat="43.118137" lon="-1.135905">
        <ele>287.430181</ele>
        <time>2026-03-14T09:12:47.189Z</time>
      </trkpt>
      <trkpt lat="43.116399" lon="-1.134258">
        <ele>291.481698</ele>
        <time>2026-03-14T09:13:36.655Z</time>
      </trkpt>
      <trkpt lat="43.116031" lon="-1.133889">
        <ele>292.347496</ele>
        <time>2026-03-14T09:13:46.341Z</time>
      </trkpt>
      <trkpt lat="43.115711" lon="-1.133401">
        <ele>293.261569</ele>
        <time>2026-03-14T09:13:56.471Z</time>
      </trkpt>
      <trkpt lat="43.115579" lon="-1.133283">
        <ele>293.570410</ele>
        <time>2026-03-14T09:13:59.795Z</time>
      </trkpt>
      <trkpt lat="43.114232" lon="-1.132974">
        <ele>296.246497</ele>
        <time>2026-03-14T09:14:31.497Z</time>
      </trkpt>
      <trkpt lat="43.114027" lon="-1.132881">
        <ele>296.661816</ele>
        <time>2026-03-14T09:14:36.774Z</time>
      </trkpt>
      <trkpt lat="43.112944" lon="-1.131902">
        <ele>298.752169</ele>
        <time>2026-03-14T09:15:04.341Z</time>
      </trkpt>
      <trkpt lat="43.112892" lon="-1.131822">
        <ele>298.878143</ele>
        <time>2026-03-14T09:15:05.880Z</time>
      </trkpt>
      <trkpt lat="43.112718" lon="-1.131337">
        <ele>299.513682</ele>
        <time>2026-03-14T09:15:13.771Z</time>
      </trkpt>
      <trkpt lat="43.112608" lon="-1.131128">
        <ele>299.882630</ele>
        <time>2026-03-14T09:15:17.545Z</time>
      </trkpt>
      <trkpt lat="43.112030" lon="-1.130138">
        <ele>301.708494</ele>
        <time>2026-03-14T09:15:37.154Z</time>
      </trkpt>
      <trkpt lat="43.111758" lon="-1.129788">
        <ele>302.444795</ele>
        <time>2026-03-14T09:15:46.805Z</time>
      </trkpt>
      <trkpt lat="43.110957" lon="-1.129278">
        <ele>304.488032</ele>
        <time>2026-03-14T09:16:09.203Z</time>
      </trkpt>
      <trkpt lat="43.110426" lon="-1.128866">
        <ele>306.016423</ele>
        <time>2026-03-14T09:16:24.206Z</time>
      </trkpt>
      <trkpt lat="43.109706" lon="-1.128283">
        <ele>307.977701</ele>
        <time>2026-03-14T09:16:44.896Z</time>
      </trkpt>
      <trkpt lat="43.109505" lon="-1.128200">
        <ele>308.372218</ele>
        <time>2026-03-14T09:16:49.994Z</time>
      </trkpt>
      <trkpt lat="43.109144" lon="-1.128188">
        <ele>309.050822</ele>
        <time>2026-03-14T09:16:58.471Z</time>
      </trkpt>
      <trkpt lat="43.109058" lon="-1.128161">
        <ele>309.216627</ele>
        <time>2026-03-14T09:17:00.484Z</time>
      </trkpt>
      <trkpt lat="43.108824" lon="-1.127962">
        <ele>309.734228</ele>
        <time>2026-03-14T09:17:06.667Z</time>
      </trkpt>
      <trkpt lat="43.108554" lon="-1.127582">
        <ele>310.461720</ele>
        <time>2026-03-14T09:17:15.101Z</time>
      </trkpt>
      <trkpt lat="43.108294" lon="-1.127117">
        <ele>311.093776</ele>
        <time>2026-03-14T09:17:23.602Z</time>
      </trkpt>
      <trkpt lat="43.108049" lon="-1.126565">
        <ele>311.487411</ele>
        <time>2026-03-14T09:17:31.870Z</time>
      </trkpt>
      <trkpt lat="43.107937" lon="-1.126190">
        <ele>311.734294</ele>
        <time>2026-03-14T09:17:36.954Z</time>
      </trkpt>
      <trkpt lat="43.107797" lon="-1.125313">
        <ele>312.281312</ele>
        <time>2026-03-14T09:17:48.673Z</time>
      </trkpt>
      <trkpt lat="43.107698" lon="-1.124944">
        <ele>312.541542</ele>
        <time>2026-03-14T09:17:53.852Z</time>
      </trkpt>
      <trkpt lat="43.107579" lon="-1.124625">
        <ele>312.831580</ele>
        <time>2026-03-14T09:17:58.437Z</time>
      </trkpt>
      <trkpt lat="43.107233" lon="-1.124166">
        <ele>313.365752</ele>
        <time>2026-03-14T09:18:07.131Z</time>
      </trkpt>
      <trkpt lat="43.106696" lon="-1.123744">
        <ele>314.052332</ele>
        <time>2026-03-14T09:18:19.233Z</time>
      </trkpt>
      <trkpt lat="43.106603" lon="-1.123640">
        <ele>314.185476</ele>
        <time>2026-03-14T09:18:21.643Z</time>
      </trkpt>
      <trkpt lat="43.106415" lon="-1.123341">
        <ele>314.558957</ele>
        <time>2026-03-14T09:18:27.547Z</time>
      </trkpt>
      <trkpt lat="43.106356" lon="-1.123203">
        <ele>314.821988</ele>
        <time>2026-03-14T09:18:30.008Z</time>
      </trkpt>
      <trkpt lat="43.106022" lon="-1.121984">
        <ele>316.963501</ele>
        <time>2026-03-14T09:18:51.818Z</time>
      </trkpt>
      <trkpt lat="43.106032" lon="-1.121849">
        <ele>317.186685</ele>
        <time>2026-03-14T09:18:54.305Z</time>
      </trkpt>
      <trkpt lat="43.106139" lon="-1.121394">
        <ele>317.972919</ele>
        <time>2026-03-14T09:19:03.179Z</time>
      </trkpt>
      <trkpt lat="43.106126" lon="-1.121157">
        <ele>318.363827</ele>
        <time>2026-03-14T09:19:07.787Z</time>
      </trkpt>
      <trkpt lat="43.106088" lon="-1.121008">
        <ele>318.709321</ele>
        <time>2026-03-14T09:19:10.916Z</time>
      </trkpt>
      <trkpt lat="43.105787" lon="-1.120239">
        <ele>321.182513</ele>
        <time>2026-03-14T09:19:28.650Z</time>
      </trkpt>
      <trkpt lat="43.105395" lon="-1.119526">
        <ele>323.712429</ele>
        <time>2026-03-14T09:19:46.555Z</time>
      </trkpt>
      <trkpt lat="43.104730" lon="-1.118281">
        <ele>331.846783</ele>
        <time>2026-03-14T09:20:28.916Z</time>
      </trkpt>
      <trkpt lat="43.104618" lon="-1.118145">
        <ele>333.269505</ele>
        <time>2026-03-14T09:20:36.880Z</time>
      </trkpt>
      <trkpt lat="43.104530" lon="-1.118086">
        <ele>334.200804</ele>
        <time>2026-03-14T09:20:42.403Z</time>
      </trkpt>
      <trkpt lat="43.104042" lon="-1.117859">
        <ele>339.099576</ele>
        <time>2026-03-14T09:21:14.910Z</time>
      </trkpt>
      <trkpt lat="43.103354" lon="-1.117443">
        <ele>347.004524</ele>
        <time>2026-03-14T09:22:06.788Z</time>
      </trkpt>
      <trkpt lat="43.102988" lon="-1.117012">
        <ele>352.539731</ele>
        <time>2026-03-14T09:22:36.216Z</time>
      </trkpt>
      <trkpt lat="43.102521" lon="-1.116613">
        <ele>358.851682</ele>
        <time>2026-03-14T09:23:06.900Z</time>
      </trkpt>
      <trkpt lat="43.102163" lon="-1.116057">
        <ele>365.537578</ele>
        <time>2026-03-14T09:23:37.528Z</time>
      </trkpt>
      <trkpt lat="43.101511" lon="-1.115423">
        <ele>377.083232</ele>
        <time>2026-03-14T09:24:30.457Z</time>
      </trkpt>
      <trkpt lat="43.100912" lon="-1.115008">
        <ele>386.775820</ele>
        <time>2026-03-14T09:25:26.759Z</time>
      </trkpt>
      <trkpt lat="43.100715" lon="-1.114800">
        <ele>390.472518</ele>
        <time>2026-03-14T09:25:48.868Z</time>
      </trkpt>
      <trkpt lat="43.100558" lon="-1.114616">
        <ele>393.720341</ele>
        <time>2026-03-14T09:26:07.084Z</time>
      </trkpt>
      <trkpt lat="43.100287" lon="-1.114199">
        <ele>400.126996</ele>
        <time>2026-03-14T09:26:41.028Z</time>
      </trkpt>
      <trkpt lat="43.100104" lon="-1.113774">
        <ele>405.789393</ele>
        <time>2026-03-14T09:27:08.600Z</time>
      </trkpt>
      <trkpt lat="43.099933" lon="-1.113031">
        <ele>414.729905</ele>
        <time>2026-03-14T09:27:52.863Z</time>
      </trkpt>
      <trkpt lat="43.099823" lon="-1.112828">
        <ele>417.575370</ele>
        <time>2026-03-14T09:28:05.718Z</time>
      </trkpt>
      <trkpt lat="43.099680" lon="-1.112634">
        <ele>419.759529</ele>
        <time>2026-03-14T09:28:19.058Z</time>
      </trkpt>
      <trkpt lat="43.099418" lon="-1.112379">
        <ele>423.247356</ele>
        <time>2026-03-14T09:28:40.017Z</time>
      </trkpt>
      <trkpt lat="43.099147" lon="-1.112029">
        <ele>427.289385</ele>
        <time>2026-03-14T09:29:03.739Z</time>
      </trkpt>
      <trkpt lat="43.099084" lon="-1.111895">
        <ele>428.552161</ele>
        <time>2026-03-14T09:29:10.859Z</time>
      </trkpt>
      <trkpt lat="43.099008" lon="-1.111459">
        <ele>432.103795</ele>
        <time>2026-03-14T09:29:29.533Z</time>
      </trkpt>
      <trkpt lat="43.098968" lon="-1.111409">
        <ele>432.691457</ele>
        <time>2026-03-14T09:29:32.433Z</time>
      </trkpt>
      <trkpt lat="43.098455" lon="-1.111226">
        <ele>437.866629</ele>
        <time>2026-03-14T09:29:56.387Z</time>
      </trkpt>
      <trkpt lat="43.098363" lon="-1.111147">
        <ele>438.583856</ele>
        <time>2026-03-14T09:30:00.495Z</time>
      </trkpt>
      <trkpt lat="43.098342" lon="-1.111068">
        <ele>438.989324</ele>
        <time>2026-03-14T09:30:02.823Z</time>
      </trkpt>
      <trkpt lat="43.098373" lon="-1.110933">
        <ele>439.671845</ele>
        <time>2026-03-14T09:30:06.694Z</time>
      </trkpt>
      <trkpt lat="43.098481" lon="-1.110731">
        <ele>440.879300</ele>
        <time>2026-03-14T09:30:13.373Z</time>
      </trkpt>
      <trkpt lat="43.098506" lon="-1.110638">
        <ele>441.357254</ele>
        <time>2026-03-14T09:30:15.837Z</time>
      </trkpt>
      <trkpt lat="43.098455" lon="-1.109787">
        <ele>445.475290</ele>
        <time>2026-03-14T09:30:38.351Z</time>
      </trkpt>
      <trkpt lat="43.098219" lon="-1.109210">
        <ele>448.664911</ele>
        <time>2026-03-14T09:30:58.638Z</time>
      </trkpt>
      <trkpt lat="43.097884" lon="-1.108270">
        <ele>455.881704</ele>
        <time>2026-03-14T09:31:38.482Z</time>
      </trkpt>
      <trkpt lat="43.097706" lon="-1.107374">
        <ele>462.361333</ele>
        <time>2026-03-14T09:32:15.810Z</time>
      </trkpt>
      <trkpt lat="43.097646" lon="-1.107174">
        <ele>463.870150</ele>
        <time>2026-03-14T09:32:24.572Z</time>
      </trkpt>
      <trkpt lat="43.097494" lon="-1.106890">
        <ele>466.438471</ele>
        <time>2026-03-14T09:32:38.927Z</time>
      </trkpt>
      <trkpt lat="43.097406" lon="-1.106815">
        <ele>467.809131</ele>
        <time>2026-03-14T09:32:44.765Z</time>
      </trkpt>
      <trkpt lat="43.097366" lon="-1.106812">
        <ele>468.338885</ele>
        <time>2026-03-14T09:32:47.046Z</time>
      </trkpt>
      <trkpt lat="43.097307" lon="-1.106898">
        <ele>469.478335</ele>
        <time>2026-03-14T09:32:52.070Z</time>
      </trkpt>
      <trkpt lat="43.097298" lon="-1.106987">
        <ele>470.345931</ele>
        <time>2026-03-14T09:32:55.944Z</time>
      </trkpt>
      <trkpt lat="43.097326" lon="-1.107239">
        <ele>472.807282</ele>
        <time>2026-03-14T09:33:07.445Z</time>
      </trkpt>
      <trkpt lat="43.097286" lon="-1.107582">
        <ele>476.161303</ele>
        <time>2026-03-14T09:33:24.081Z</time>
      </trkpt>
      <trkpt lat="43.097251" lon="-1.107725">
        <ele>477.617634</ele>
        <time>2026-03-14T09:33:31.661Z</time>
      </trkpt>
      <trkpt lat="43.097021" lon="-1.108287">
        <ele>483.838608</ele>
        <time>2026-03-14T09:34:05.648Z</time>
      </trkpt>
      <trkpt lat="43.096981" lon="-1.108462">
        <ele>485.609291</ele>
        <time>2026-03-14T09:34:15.868Z</time>
      </trkpt>
      <trkpt lat="43.096950" lon="-1.109053">
        <ele>491.446730</ele>
        <time>2026-03-14T09:34:49.749Z</time>
      </trkpt>
      <trkpt lat="43.096877" lon="-1.109607">
        <ele>497.300600</ele>
        <time>2026-03-14T09:35:21.290Z</time>
      </trkpt>
      <trkpt lat="43.096962" lon="-1.110207">
        <ele>503.656095</ele>
        <time>2026-03-14T09:35:54.211Z</time>
      </trkpt>
      <trkpt lat="43.096966" lon="-1.110612">
        <ele>507.867908</ele>
        <time>2026-03-14T09:36:15.391Z</time>
      </trkpt>
      <trkpt lat="43.096947" lon="-1.110738">
        <ele>509.205777</ele>
        <time>2026-03-14T09:36:22.010Z</time>
      </trkpt>
      <trkpt lat="43.096891" lon="-1.110803">
        <ele>510.251163</ele>
        <time>2026-03-14T09:36:27.249Z</time>
      </trkpt>
      <trkpt lat="43.096849" lon="-1.110803">
        <ele>510.849276</ele>
        <time>2026-03-14T09:36:30.197Z</time>
      </trkpt>
      <trkpt lat="43.096818" lon="-1.110769">
        <ele>511.414864</ele>
        <time>2026-03-14T09:36:32.973Z</time>
      </trkpt>
      <trkpt lat="43.096759" lon="-1.110441">
        <ele>514.927575</ele>
        <time>2026-03-14T09:36:50.116Z</time>
      </trkpt>
      <trkpt lat="43.096691" lon="-1.110322">
        <ele>516.305959</ele>
        <time>2026-03-14T09:36:57.691Z</time>
      </trkpt>
      <trkpt lat="43.095750" lon="-1.109671">
        <ele>528.591971</ele>
        <time>2026-03-14T09:38:03.928Z</time>
      </trkpt>
      <trkpt lat="43.095624" lon="-1.109523">
        <ele>530.526474</ele>
        <time>2026-03-14T09:38:13.769Z</time>
      </trkpt>
      <trkpt lat="43.095189" lon="-1.108214">
        <ele>542.676686</ele>
        <time>2026-03-14T09:39:13.356Z</time>
      </trkpt>
      <trkpt lat="43.094964" lon="-1.107838">
        <ele>546.756122</ele>
        <time>2026-03-14T09:39:34.168Z</time>
      </trkpt>
      <trkpt lat="43.094759" lon="-1.107658">
        <ele>549.554658</ele>
        <time>2026-03-14T09:39:49.405Z</time>
      </trkpt>
      <trkpt lat="43.094600" lon="-1.107561">
        <ele>551.555007</ele>
        <time>2026-03-14T09:40:00.520Z</time>
      </trkpt>
      <trkpt lat="43.094058" lon="-1.107307">
        <ele>558.395504</ele>
        <time>2026-03-14T09:40:37.693Z</time>
      </trkpt>
      <trkpt lat="43.093773" lon="-1.107237">
        <ele>562.522510</ele>
        <time>2026-03-14T09:40:56.360Z</time>
      </trkpt>
      <trkpt lat="43.093588" lon="-1.107269">
        <ele>565.180318</ele>
        <time>2026-03-14T09:41:09.270Z</time>
      </trkpt>
      <trkpt lat="43.093536" lon="-1.107330">
        <ele>566.156249</ele>
        <time>2026-03-14T09:41:14.076Z</time>
      </trkpt>
      <trkpt lat="43.093517" lon="-1.107405">
        <ele>566.982513</ele>
        <time>2026-03-14T09:41:18.424Z</time>
      </trkpt>
      <trkpt lat="43.093576" lon="-1.107567">
        <ele>568.866729</ele>
        <time>2026-03-14T09:41:28.075Z</time>
      </trkpt>
      <trkpt lat="43.093897" lon="-1.107711">
        <ele>573.681267</ele>
        <time>2026-03-14T09:41:53.137Z</time>
      </trkpt>
      <trkpt lat="43.093950" lon="-1.107767">
        <ele>574.635412</ele>
        <time>2026-03-14T09:41:57.979Z</time>
      </trkpt>
      <trkpt lat="43.094031" lon="-1.107932">
        <ele>576.704766</ele>
        <time>2026-03-14T09:42:08.884Z</time>
      </trkpt>
      <trkpt lat="43.094084" lon="-1.108253">
        <ele>580.130142</ele>
        <time>2026-03-14T09:42:27.115Z</time>
      </trkpt>
      <trkpt lat="43.094114" lon="-1.109104">
        <ele>589.967733</ele>
        <time>2026-03-14T09:43:16.610Z</time>
      </trkpt>
      <trkpt lat="43.094107" lon="-1.110072">
        <ele>601.596170</ele>
        <time>2026-03-14T09:44:17.915Z</time>
      </trkpt>
      <trkpt lat="43.094203" lon="-1.110642">
        <ele>608.622906</ele>
        <time>2026-03-14T09:44:53.104Z</time>
      </trkpt>
      <trkpt lat="43.094251" lon="-1.111266">
        <ele>614.991965</ele>
        <time>2026-03-14T09:45:28.658Z</time>
      </trkpt>
      <trkpt lat="43.094300" lon="-1.111515">
        <ele>617.154258</ele>
        <time>2026-03-14T09:45:42.758Z</time>
      </trkpt>
      <trkpt lat="43.094414" lon="-1.111786">
        <ele>619.776599</ele>
        <time>2026-03-14T09:45:59.455Z</time>
      </trkpt>
      <trkpt lat="43.094680" lon="-1.112172">
        <ele>624.226745</ele>
        <time>2026-03-14T09:46:26.122Z</time>
      </trkpt>
      <trkpt lat="43.095189" lon="-1.113189">
        <ele>633.406094</ele>
        <time>2026-03-14T09:47:10.515Z</time>
      </trkpt>
      <trkpt lat="43.095222" lon="-1.113311">
        <ele>633.716777</ele>
        <time>2026-03-14T09:47:13.346Z</time>
      </trkpt>
      <trkpt lat="43.095281" lon="-1.113816">
        <ele>634.938063</ele>
        <time>2026-03-14T09:47:21.278Z</time>
      </trkpt>
      <trkpt lat="43.095344" lon="-1.113947">
        <ele>635.312642</ele>
        <time>2026-03-14T09:47:23.065Z</time>
      </trkpt>
      <trkpt lat="43.095403" lon="-1.114017">
        <ele>635.567928</ele>
        <time>2026-03-14T09:47:24.221Z</time>
      </trkpt>
      <trkpt lat="43.095487" lon="-1.114046">
        <ele>635.851225</ele>
        <time>2026-03-14T09:47:25.582Z</time>
      </trkpt>
      <trkpt lat="43.096181" lon="-1.114159">
        <ele>638.136780</ele>
        <time>2026-03-14T09:47:37.864Z</time>
      </trkpt>
      <trkpt lat="43.096331" lon="-1.114294">
        <ele>638.723770</ele>
        <time>2026-03-14T09:47:43.046Z</time>
      </trkpt>
      <trkpt lat="43.096567" lon="-1.114762">
        <ele>642.722678</ele>
        <time>2026-03-14T09:47:59.258Z</time>
      </trkpt>
      <trkpt lat="43.096737" lon="-1.115466">
        <ele>648.218688</ele>
        <time>2026-03-14T09:48:31.468Z</time>
      </trkpt>
      <trkpt lat="43.096763" lon="-1.115728">
        <ele>650.178493</ele>
        <time>2026-03-14T09:48:45.324Z</time>
      </trkpt>
      <trkpt lat="43.096670" lon="-1.116883">
        <ele>659.222291</ele>
        <time>2026-03-14T09:49:43.245Z</time>
      </trkpt>
      <trkpt lat="43.096631" lon="-1.117033">
        <ele>660.700449</ele>
        <time>2026-03-14T09:49:49.869Z</time>
      </trkpt>
      <trkpt lat="43.096571" lon="-1.117081">
        <ele>661.583879</ele>
        <time>2026-03-14T09:49:53.697Z</time>
      </trkpt>
      <trkpt lat="43.096538" lon="-1.117068">
        <ele>662.020439</ele>
        <time>2026-03-14T09:49:55.606Z</time>
      </trkpt>
      <trkpt lat="43.096510" lon="-1.117003">
        <ele>662.721041</ele>
        <time>2026-03-14T09:49:58.546Z</time>
      </trkpt>
      <trkpt lat="43.096479" lon="-1.116370">
        <ele>668.610686</ele>
        <time>2026-03-14T09:50:23.020Z</time>
      </trkpt>
      <trkpt lat="43.096448" lon="-1.116152">
        <ele>670.672504</ele>
        <time>2026-03-14T09:50:32.068Z</time>
      </trkpt>
      <trkpt lat="43.096340" lon="-1.115749">
        <ele>674.657757</ele>
        <time>2026-03-14T09:50:51.700Z</time>
      </trkpt>
      <trkpt lat="43.096210" lon="-1.115487">
        <ele>677.598438</ele>
        <time>2026-03-14T09:51:08.606Z</time>
      </trkpt>
      <trkpt lat="43.095953" lon="-1.115285">
        <ele>682.047506</ele>
        <time>2026-03-14T09:51:33.628Z</time>
      </trkpt>
      <trkpt lat="43.095771" lon="-1.115268">
        <ele>685.484719</ele>
        <time>2026-03-14T09:51:50.435Z</time>
      </trkpt>
      <trkpt lat="43.095285" lon="-1.115389">
        <ele>694.792036</ele>
        <time>2026-03-14T09:52:39.593Z</time>
      </trkpt>
      <trkpt lat="43.094884" lon="-1.115553">
        <ele>702.677423</ele>
        <time>2026-03-14T09:53:21.867Z</time>
      </trkpt>
      <trkpt lat="43.094675" lon="-1.115592">
        <ele>706.651793</ele>
        <time>2026-03-14T09:53:42.566Z</time>
      </trkpt>
      <trkpt lat="43.094560" lon="-1.115524">
        <ele>709.011987</ele>
        <time>2026-03-14T09:53:54.493Z</time>
      </trkpt>
      <trkpt lat="43.094207" lon="-1.114988">
        <ele>717.466742</ele>
        <time>2026-03-14T09:54:39.635Z</time>
      </trkpt>
      <trkpt lat="43.093906" lon="-1.114718">
        <ele>722.284599</ele>
        <time>2026-03-14T09:55:05.741Z</time>
      </trkpt>
      <trkpt lat="43.093337" lon="-1.114405">
        <ele>730.494874</ele>
        <time>2026-03-14T09:55:45.093Z</time>
      </trkpt>
      <trkpt lat="43.093139" lon="-1.114259">
        <ele>733.505885</ele>
        <time>2026-03-14T09:55:58.777Z</time>
      </trkpt>
      <trkpt lat="43.092614" lon="-1.114068">
        <ele>739.910343</ele>
        <time>2026-03-14T09:56:30.911Z</time>
      </trkpt>
      <trkpt lat="43.092515" lon="-1.113990">
        <ele>740.974233</ele>
        <time>2026-03-14T09:56:37.312Z</time>
      </trkpt>
      <trkpt lat="43.092129" lon="-1.113488">
        <ele>745.932781</ele>
        <time>2026-03-14T09:57:05.522Z</time>
      </trkpt>
      <trkpt lat="43.091626" lon="-1.112753">
        <ele>752.784612</ele>
        <time>2026-03-14T09:57:42.388Z</time>
      </trkpt>
      <trkpt lat="43.091215" lon="-1.112086">
        <ele>757.358477</ele>
        <time>2026-03-14T09:58:13.144Z</time>
      </trkpt>
      <trkpt lat="43.090179" lon="-1.110609">
        <ele>765.877566</ele>
        <time>2026-03-14T09:59:10.911Z</time>
      </trkpt>
      <trkpt lat="43.089658" lon="-1.109757">
        <ele>766.447743</ele>
        <time>2026-03-14T09:59:25.917Z</time>
      </trkpt>
      <trkpt lat="43.089488" lon="-1.109619">
        <ele>766.586595</ele>
        <time>2026-03-14T09:59:28.220Z</time>
      </trkpt>
      <trkpt lat="43.089193" lon="-1.109493">
        <ele>766.803710</ele>
        <time>2026-03-14T09:59:31.787Z</time>
      </trkpt>
      <trkpt lat="43.089088" lon="-1.109467">
        <ele>766.878679</ele>
        <time>2026-03-14T09:59:33.035Z</time>
      </trkpt>
      <trkpt lat="43.088943" lon="-1.109429">
        <ele>766.982405</ele>
        <time>2026-03-14T09:59:34.882Z</time>
      </trkpt>
      <trkpt lat="43.088523" lon="-1.109274">
        <ele>766.655137</ele>
        <time>2026-03-14T09:59:40.433Z</time>
      </trkpt>
      <trkpt lat="43.087912" lon="-1.108853">
        <ele>765.861801</ele>
        <time>2026-03-14T09:59:48.255Z</time>
      </trkpt>
      <trkpt lat="43.087689" lon="-1.108625">
        <ele>765.539006</ele>
        <time>2026-03-14T09:59:51.837Z</time>
      </trkpt>
      <trkpt lat="43.086707" lon="-1.106884">
        <ele>767.096804</ele>
        <time>2026-03-14T10:00:11.265Z</time>
      </trkpt>
      <trkpt lat="43.086429" lon="-1.106279">
        <ele>768.100251</ele>
        <time>2026-03-14T10:00:27.568Z</time>
      </trkpt>
      <trkpt lat="43.086125" lon="-1.105867">
        <ele>771.245866</ele>
        <time>2026-03-14T10:00:47.943Z</time>
      </trkpt>
      <trkpt lat="43.085952" lon="-1.105683">
        <ele>773.616038</ele>
        <time>2026-03-14T10:01:01.538Z</time>
      </trkpt>
      <trkpt lat="43.085564" lon="-1.105270">
        <ele>778.933406</ele>
        <time>2026-03-14T10:01:34.676Z</time>
      </trkpt>
      <trkpt lat="43.085315" lon="-1.105068">
        <ele>782.064889</ele>
        <time>2026-03-14T10:01:53.757Z</time>
      </trkpt>
      <trkpt lat="43.084806" lon="-1.104745">
        <ele>788.089654</ele>
        <time>2026-03-14T10:02:28.116Z</time>
      </trkpt>
      <trkpt lat="43.084208" lon="-1.104585">
        <ele>793.506595</ele>
        <time>2026-03-14T10:03:01.977Z</time>
      </trkpt>
      <trkpt lat="43.084076" lon="-1.104518">
        <ele>794.758152</ele>
        <time>2026-03-14T10:03:08.768Z</time>
      </trkpt>
      <trkpt lat="43.083909" lon="-1.104353">
        <ele>796.589015</ele>
        <time>2026-03-14T10:03:17.986Z</time>
      </trkpt>
      <trkpt lat="43.083560" lon="-1.103904">
        <ele>800.846513</ele>
        <time>2026-03-14T10:03:37.574Z</time>
      </trkpt>
      <trkpt lat="43.083086" lon="-1.103209">
        <ele>807.872575</ele>
        <time>2026-03-14T10:04:12.608Z</time>
      </trkpt>
      <trkpt lat="43.083026" lon="-1.103053">
        <ele>809.327012</ele>
        <time>2026-03-14T10:04:19.723Z</time>
      </trkpt>
      <trkpt lat="43.082987" lon="-1.102862">
        <ele>810.963062</ele>
        <time>2026-03-14T10:04:27.993Z</time>
      </trkpt>
      <trkpt lat="43.082948" lon="-1.102417">
        <ele>814.660375</ele>
        <time>2026-03-14T10:04:47.261Z</time>
      </trkpt>
      <trkpt lat="43.082790" lon="-1.102097">
        <ele>817.846809</ele>
        <time>2026-03-14T10:05:04.540Z</time>
      </trkpt>
      <trkpt lat="43.082050" lon="-1.101234">
        <ele>830.462605</ele>
        <time>2026-03-14T10:06:12.595Z</time>
      </trkpt>
      <trkpt lat="43.082002" lon="-1.101093">
        <ele>832.198682</ele>
        <time>2026-03-14T10:06:21.257Z</time>
      </trkpt>
      <trkpt lat="43.081992" lon="-1.100818">
        <ele>835.271461</ele>
        <time>2026-03-14T10:06:37.027Z</time>
      </trkpt>
      <trkpt lat="43.081968" lon="-1.100720">
        <ele>836.424976</ele>
        <time>2026-03-14T10:06:43.005Z</time>
      </trkpt>
      <trkpt lat="43.081688" lon="-1.100410">
        <ele>841.927034</ele>
        <time>2026-03-14T10:07:12.365Z</time>
      </trkpt>
      <trkpt lat="43.081226" lon="-1.099704">
        <ele>852.124002</ele>
        <time>2026-03-14T10:08:10.939Z</time>
      </trkpt>
      <trkpt lat="43.080644" lon="-1.099024">
        <ele>858.474489</ele>
        <time>2026-03-14T10:09:01.285Z</time>
      </trkpt>
      <trkpt lat="43.080466" lon="-1.098909">
        <ele>860.108128</ele>
        <time>2026-03-14T10:09:09.487Z</time>
      </trkpt>
      <trkpt lat="43.080352" lon="-1.098893">
        <ele>861.059292</ele>
        <time>2026-03-14T10:09:13.505Z</time>
      </trkpt>
      <trkpt lat="43.080244" lon="-1.098917">
        <ele>861.967428</ele>
        <time>2026-03-14T10:09:16.901Z</time>
      </trkpt>
      <trkpt lat="43.079904" lon="-1.099218">
        <ele>865.328017</ele>
        <time>2026-03-14T10:09:27.171Z</time>
      </trkpt>
      <trkpt lat="43.079532" lon="-1.099350">
        <ele>867.851459</ele>
        <time>2026-03-14T10:09:35.030Z</time>
      </trkpt>
      <trkpt lat="43.079411" lon="-1.099366">
        <ele>868.510141</ele>
        <time>2026-03-14T10:09:37.408Z</time>
      </trkpt>
      <trkpt lat="43.079270" lon="-1.099341">
        <ele>869.280522</ele>
        <time>2026-03-14T10:09:40.247Z</time>
      </trkpt>
      <trkpt lat="43.079026" lon="-1.099236">
        <ele>870.666392</ele>
        <time>2026-03-14T10:09:46.151Z</time>
      </trkpt>
      <trkpt lat="43.078627" lon="-1.098993">
        <ele>873.032608</ele>
        <time>2026-03-14T10:10:00.692Z</time>
      </trkpt>
      <trkpt lat="43.078204" lon="-1.098701">
        <ele>875.599477</ele>
        <time>2026-03-14T10:10:24.020Z</time>
      </trkpt>
      <trkpt lat="43.077790" lon="-1.098365">
        <ele>880.678744</ele>
        <time>2026-03-14T10:10:53.663Z</time>
      </trkpt>
      <trkpt lat="43.077430" lon="-1.098141">
        <ele>885.664447</ele>
        <time>2026-03-14T10:11:19.427Z</time>
      </trkpt>
      <trkpt lat="43.077241" lon="-1.098055">
        <ele>888.175548</ele>
        <time>2026-03-14T10:11:32.840Z</time>
      </trkpt>
      <trkpt lat="43.076663" lon="-1.097962">
        <ele>895.513182</ele>
        <time>2026-03-14T10:12:13.494Z</time>
      </trkpt>
      <trkpt lat="43.076357" lon="-1.097824">
        <ele>899.606518</ele>
        <time>2026-03-14T10:12:36.661Z</time>
      </trkpt>
      <trkpt lat="43.076257" lon="-1.097770">
        <ele>901.038615</ele>
        <time>2026-03-14T10:12:44.393Z</time>
      </trkpt>
      <trkpt lat="43.075834" lon="-1.097492">
        <ele>907.289551</ele>
        <time>2026-03-14T10:13:17.305Z</time>
      </trkpt>
      <trkpt lat="43.075594" lon="-1.097249">
        <ele>911.266276</ele>
        <time>2026-03-14T10:13:37.500Z</time>
      </trkpt>
      <trkpt lat="43.074844" lon="-1.096360">
        <ele>924.477440</ele>
        <time>2026-03-14T10:14:44.014Z</time>
      </trkpt>
      <trkpt lat="43.074616" lon="-1.096127">
        <ele>928.254732</ele>
        <time>2026-03-14T10:15:03.345Z</time>
      </trkpt>
      <trkpt lat="43.073878" lon="-1.095595">
        <ele>939.327789</ele>
        <time>2026-03-14T10:16:01.614Z</time>
      </trkpt>
      <trkpt lat="43.073587" lon="-1.095307">
        <ele>944.094968</ele>
        <time>2026-03-14T10:16:26.689Z</time>
      </trkpt>
      <trkpt lat="43.073377" lon="-1.095014">
        <ele>948.013514</ele>
        <time>2026-03-14T10:16:47.063Z</time>
      </trkpt>
      <trkpt lat="43.072817" lon="-1.093707">
        <ele>961.954179</ele>
        <time>2026-03-14T10:17:57.519Z</time>
      </trkpt>
      <trkpt lat="43.072369" lon="-1.093045">
        <ele>970.103466</ele>
        <time>2026-03-14T10:18:40.559Z</time>
      </trkpt>
      <trkpt lat="43.071956" lon="-1.092658">
        <ele>975.101889</ele>
        <time>2026-03-14T10:19:15.787Z</time>
      </trkpt>
      <trkpt lat="43.071602" lon="-1.092238">
        <ele>979.780366</ele>
        <time>2026-03-14T10:19:49.425Z</time>
      </trkpt>
      <trkpt lat="43.070920" lon="-1.091596">
        <ele>987.637359</ele>
        <time>2026-03-14T10:20:26.699Z</time>
      </trkpt>
      <trkpt lat="43.070874" lon="-1.091515">
        <ele>987.845828</ele>
        <time>2026-03-14T10:20:27.926Z</time>
      </trkpt>
      <trkpt lat="43.070862" lon="-1.091393">
        <ele>988.095959</ele>
        <time>2026-03-14T10:20:29.112Z</time>
      </trkpt>
      <trkpt lat="43.070919" lon="-1.091272">
        <ele>988.388508</ele>
        <time>2026-03-14T10:20:30.272Z</time>
      </trkpt>
      <trkpt lat="43.071236" lon="-1.090838">
        <ele>989.635553</ele>
        <time>2026-03-14T10:20:35.035Z</time>
      </trkpt>
      <trkpt lat="43.071494" lon="-1.090417">
        <ele>990.752134</ele>
        <time>2026-03-14T10:20:39.967Z</time>
      </trkpt>
      <trkpt lat="43.071696" lon="-1.090265">
        <ele>991.393288</ele>
        <time>2026-03-14T10:20:44.089Z</time>
      </trkpt>
      <trkpt lat="43.071753" lon="-1.090103">
        <ele>991.758647</ele>
        <time>2026-03-14T10:20:47.511Z</time>
      </trkpt>
      <trkpt lat="43.071696" lon="-1.090032">
        <ele>991.973004</ele>
        <time>2026-03-14T10:20:49.950Z</time>
      </trkpt>
      <trkpt lat="43.071620" lon="-1.090054">
        <ele>992.189073</ele>
        <time>2026-03-14T10:20:52.733Z</time>
      </trkpt>
      <trkpt lat="43.070925" lon="-1.090778">
        <ele>1002.224046</ele>
        <time>2026-03-14T10:21:50.862Z</time>
      </trkpt>
      <trkpt lat="43.070285" lon="-1.091290">
        <ele>1011.627778</ele>
        <time>2026-03-14T10:22:53.168Z</time>
      </trkpt>
      <trkpt lat="43.070241" lon="-1.091454">
        <ele>1013.246860</ele>
        <time>2026-03-14T10:23:01.327Z</time>
      </trkpt>
      <trkpt lat="43.070260" lon="-1.091564">
        <ele>1014.294362</ele>
        <time>2026-03-14T10:23:06.197Z</time>
      </trkpt>
      <trkpt lat="43.070438" lon="-1.092092">
        <ele>1018.918987</ele>
        <time>2026-03-14T10:23:28.847Z</time>
      </trkpt>
      <trkpt lat="43.070577" lon="-1.092367">
        <ele>1021.477668</ele>
        <time>2026-03-14T10:23:40.685Z</time>
      </trkpt>
      <trkpt lat="43.070891" lon="-1.092828">
        <ele>1026.300287</ele>
        <time>2026-03-14T10:24:02.938Z</time>
      </trkpt>
      <trkpt lat="43.070920" lon="-1.092901">
        <ele>1026.936077</ele>
        <time>2026-03-14T10:24:06.109Z</time>
      </trkpt>
      <trkpt lat="43.070910" lon="-1.093021">
        <ele>1027.860184</ele>
        <time>2026-03-14T10:24:10.508Z</time>
      </trkpt>
      <trkpt lat="43.070871" lon="-1.093047">
        <ele>1028.314531</ele>
        <time>2026-03-14T10:24:12.860Z</time>
      </trkpt>
      <trkpt lat="43.070776" lon="-1.093020">
        <ele>1029.330769</ele>
        <time>2026-03-14T10:24:17.960Z</time>
      </trkpt>
      <trkpt lat="43.070506" lon="-1.092716">
        <ele>1032.992401</ele>
        <time>2026-03-14T10:24:37.948Z</time>
      </trkpt>
      <trkpt lat="43.069735" lon="-1.092134">
        <ele>1042.034940</ele>
        <time>2026-03-14T10:25:41.353Z</time>
      </trkpt>
      <trkpt lat="43.069170" lon="-1.091586">
        <ele>1049.126600</ele>
        <time>2026-03-14T10:26:20.323Z</time>
      </trkpt>
      <trkpt lat="43.069078" lon="-1.091440">
        <ele>1050.569139</ele>
        <time>2026-03-14T10:26:25.415Z</time>
      </trkpt>
      <trkpt lat="43.069037" lon="-1.091281">
        <ele>1051.830655</ele>
        <time>2026-03-14T10:26:29.642Z</time>
      </trkpt>
      <trkpt lat="43.069046" lon="-1.091108">
        <ele>1053.024154</ele>
        <time>2026-03-14T10:26:33.662Z</time>
      </trkpt>
      <trkpt lat="43.069145" lon="-1.090778">
        <ele>1055.205046</ele>
        <time>2026-03-14T10:26:41.805Z</time>
      </trkpt>
      <trkpt lat="43.069281" lon="-1.090454">
        <ele>1057.489456</ele>
        <time>2026-03-14T10:26:50.933Z</time>
      </trkpt>
      <trkpt lat="43.069485" lon="-1.090103">
        <ele>1060.231482</ele>
        <time>2026-03-14T10:27:02.808Z</time>
      </trkpt>
      <trkpt lat="43.069491" lon="-1.089968">
        <ele>1061.058305</ele>
        <time>2026-03-14T10:27:06.814Z</time>
      </trkpt>
      <trkpt lat="43.069419" lon="-1.089909">
        <ele>1061.760535</ele>
        <time>2026-03-14T10:27:10.255Z</time>
      </trkpt>
      <trkpt lat="43.069369" lon="-1.089921">
        <ele>1062.185336</ele>
        <time>2026-03-14T10:27:12.421Z</time>
      </trkpt>
      <trkpt lat="43.068885" lon="-1.090412">
        <ele>1067.226644</ele>
        <time>2026-03-14T10:27:47.344Z</time>
      </trkpt>
      <trkpt lat="43.068337" lon="-1.091096">
        <ele>1075.119983</ele>
        <time>2026-03-14T10:28:50.847Z</time>
      </trkpt>
      <trkpt lat="43.068175" lon="-1.091472">
        <ele>1078.562009</ele>
        <time>2026-03-14T10:29:11.407Z</time>
      </trkpt>
      <trkpt lat="43.068121" lon="-1.091525">
        <ele>1079.279204</ele>
        <time>2026-03-14T10:29:14.959Z</time>
      </trkpt>
      <trkpt lat="43.068050" lon="-1.091532">
        <ele>1080.047531</ele>
        <time>2026-03-14T10:29:18.649Z</time>
      </trkpt>
      <trkpt lat="43.067981" lon="-1.091495">
        <ele>1080.847394</ele>
        <time>2026-03-14T10:29:22.054Z</time>
      </trkpt>
      <trkpt lat="43.067939" lon="-1.091396">
        <ele>1081.750108</ele>
        <time>2026-03-14T10:29:25.793Z</time>
      </trkpt>
      <trkpt lat="43.067929" lon="-1.091282">
        <ele>1082.655475</ele>
        <time>2026-03-14T10:29:29.094Z</time>
      </trkpt>
      <trkpt lat="43.067949" lon="-1.091178">
        <ele>1083.503470</ele>
        <time>2026-03-14T10:29:32.119Z</time>
      </trkpt>
      <trkpt lat="43.068235" lon="-1.090517">
        <ele>1089.102622</ele>
        <time>2026-03-14T10:29:50.410Z</time>
      </trkpt>
      <trkpt lat="43.068294" lon="-1.090258">
        <ele>1090.855186</ele>
        <time>2026-03-14T10:29:57.277Z</time>
      </trkpt>
      <trkpt lat="43.068259" lon="-1.090121">
        <ele>1091.792744</ele>
        <time>2026-03-14T10:30:00.723Z</time>
      </trkpt>
      <trkpt lat="43.068039" lon="-1.089944">
        <ele>1094.049254</ele>
        <time>2026-03-14T10:30:09.201Z</time>
      </trkpt>
      <trkpt lat="43.067815" lon="-1.089836">
        <ele>1096.149274</ele>
        <time>2026-03-14T10:30:19.841Z</time>
      </trkpt>
      <trkpt lat="43.067692" lon="-1.089822">
        <ele>1097.240668</ele>
        <time>2026-03-14T10:30:26.598Z</time>
      </trkpt>
      <trkpt lat="43.067573" lon="-1.089854">
        <ele>1098.313050</ele>
        <time>2026-03-14T10:30:34.086Z</time>
      </trkpt>
      <trkpt lat="43.067309" lon="-1.089998">
        <ele>1100.826012</ele>
        <time>2026-03-14T10:30:53.863Z</time>
      </trkpt>
      <trkpt lat="43.067180" lon="-1.090022">
        <ele>1101.977196</ele>
        <time>2026-03-14T10:31:03.871Z</time>
      </trkpt>
      <trkpt lat="43.066884" lon="-1.089981">
        <ele>1104.361413</ele>
        <time>2026-03-14T10:31:27.821Z</time>
      </trkpt>
      <trkpt lat="43.066497" lon="-1.089867">
        <ele>1107.347748</ele>
        <time>2026-03-14T10:31:56.551Z</time>
      </trkpt>
      <trkpt lat="43.065914" lon="-1.089473">
        <ele>1112.252699</ele>
        <time>2026-03-14T10:32:24.442Z</time>
      </trkpt>
      <trkpt lat="43.065777" lon="-1.089349">
        <ele>1113.491732</ele>
        <time>2026-03-14T10:32:27.815Z</time>
      </trkpt>
      <trkpt lat="43.065668" lon="-1.089172">
        <ele>1114.767576</ele>
        <time>2026-03-14T10:32:30.655Z</time>
      </trkpt>
      <trkpt lat="43.065533" lon="-1.088772">
        <ele>1116.971023</ele>
        <time>2026-03-14T10:32:35.195Z</time>
      </trkpt>
      <trkpt lat="43.065475" lon="-1.088700">
        <ele>1117.371326</ele>
        <time>2026-03-14T10:32:36.578Z</time>
      </trkpt>
      <trkpt lat="43.065394" lon="-1.088652">
        <ele>1117.822574</ele>
        <time>2026-03-14T10:32:38.167Z</time>
      </trkpt>
      <trkpt lat="43.065267" lon="-1.088637">
        <ele>1118.474265</ele>
        <time>2026-03-14T10:32:40.851Z</time>
      </trkpt>
      <trkpt lat="43.064983" lon="-1.088741">
        <ele>1119.977255</ele>
        <time>2026-03-14T10:32:48.003Z</time>
      </trkpt>
      <trkpt lat="43.064647" lon="-1.088918">
        <ele>1121.817854</ele>
        <time>2026-03-14T10:33:00.785Z</time>
      </trkpt>
      <trkpt lat="43.064519" lon="-1.088920">
        <ele>1122.472286</ele>
        <time>2026-03-14T10:33:06.409Z</time>
      </trkpt>
      <trkpt lat="43.064345" lon="-1.088852">
        <ele>1123.397396</ele>
        <time>2026-03-14T10:33:15.257Z</time>
      </trkpt>
      <trkpt lat="43.064148" lon="-1.088825">
        <ele>1124.409579</ele>
        <time>2026-03-14T10:33:26.019Z</time>
      </trkpt>
      <trkpt lat="43.063773" lon="-1.088886">
        <ele>1125.788172</ele>
        <time>2026-03-14T10:33:47.208Z</time>
      </trkpt>
      <trkpt lat="43.063685" lon="-1.088876">
        <ele>1125.854309</ele>
        <time>2026-03-14T10:33:51.608Z</time>
      </trkpt>
      <trkpt lat="43.063600" lon="-1.088842">
        <ele>1125.920634</ele>
        <time>2026-03-14T10:33:55.512Z</time>
      </trkpt>
      <trkpt lat="43.063130" lon="-1.088490">
        <ele>1126.321903</ele>
        <time>2026-03-14T10:34:12.335Z</time>
      </trkpt>
      <trkpt lat="43.062975" lon="-1.088320">
        <ele>1126.470666</ele>
        <time>2026-03-14T10:34:15.043Z</time>
      </trkpt>
      <trkpt lat="43.062914" lon="-1.088212">
        <ele>1126.545365</ele>
        <time>2026-03-14T10:34:16.173Z</time>
      </trkpt>
      <trkpt lat="43.062822" lon="-1.087887">
        <ele>1126.736088</ele>
        <time>2026-03-14T10:34:18.697Z</time>
      </trkpt>
      <trkpt lat="43.062782" lon="-1.087543">
        <ele>1126.926695</ele>
        <time>2026-03-14T10:34:21.060Z</time>
      </trkpt>
      <trkpt lat="43.062555" lon="-1.087009">
        <ele>1125.129351</ele>
        <time>2026-03-14T10:34:25.092Z</time>
      </trkpt>
      <trkpt lat="43.062421" lon="-1.086607">
        <ele>1123.068356</ele>
        <time>2026-03-14T10:34:27.921Z</time>
      </trkpt>
      <trkpt lat="43.062136" lon="-1.085548">
        <ele>1117.804360</ele>
        <time>2026-03-14T10:34:35.483Z</time>
      </trkpt>
      <trkpt lat="43.061953" lon="-1.085214">
        <ele>1115.857060</ele>
        <time>2026-03-14T10:34:38.309Z</time>
      </trkpt>
      <trkpt lat="43.061709" lon="-1.084889">
        <ele>1113.480624</ele>
        <time>2026-03-14T10:34:41.430Z</time>
      </trkpt>
      <trkpt lat="43.061548" lon="-1.084722">
        <ele>1112.051390</ele>
        <time>2026-03-14T10:34:43.263Z</time>
      </trkpt>
      <trkpt lat="43.061243" lon="-1.084526">
        <ele>1109.667489</ele>
        <time>2026-03-14T10:34:46.292Z</time>
      </trkpt>
      <trkpt lat="43.060792" lon="-1.084070">
        <ele>1105.700410</ele>
        <time>2026-03-14T10:34:51.296Z</time>
      </trkpt>
      <trkpt lat="43.060347" lon="-1.083728">
        <ele>1102.030326</ele>
        <time>2026-03-14T10:34:55.797Z</time>
      </trkpt>
      <trkpt lat="43.060202" lon="-1.083513">
        <ele>1100.397072</ele>
        <time>2026-03-14T10:34:57.684Z</time>
      </trkpt>
      <trkpt lat="43.059805" lon="-1.082741">
        <ele>1095.127368</ele>
        <time>2026-03-14T10:35:03.798Z</time>
      </trkpt>
      <trkpt lat="43.059467" lon="-1.082282">
        <ele>1091.489651</ele>
        <time>2026-03-14T10:35:08.016Z</time>
      </trkpt>
      <trkpt lat="43.058675" lon="-1.081540">
        <ele>1084.364209</ele>
        <time>2026-03-14T10:35:16.636Z</time>
      </trkpt>
      <trkpt lat="43.058550" lon="-1.081386">
        <ele>1083.133263</ele>
        <time>2026-03-14T10:35:18.160Z</time>
      </trkpt>
      <trkpt lat="43.058333" lon="-1.080936">
        <ele>1080.249939</ele>
        <time>2026-03-14T10:35:21.706Z</time>
      </trkpt>
      <trkpt lat="43.058222" lon="-1.080864">
        <ele>1079.350903</ele>
        <time>2026-03-14T10:35:22.806Z</time>
      </trkpt>
      <trkpt lat="43.057997" lon="-1.080841">
        <ele>1077.699534</ele>
        <time>2026-03-14T10:35:24.835Z</time>
      </trkpt>
      <trkpt lat="43.057897" lon="-1.080789">
        <ele>1076.916583</ele>
        <time>2026-03-14T10:35:25.788Z</time>
      </trkpt>
      <trkpt lat="43.056880" lon="-1.079740">
        <ele>1067.055494</ele>
        <time>2026-03-14T10:35:36.895Z</time>
      </trkpt>
      <trkpt lat="43.056715" lon="-1.079483">
        <ele>1065.107230</ele>
        <time>2026-03-14T10:35:39.100Z</time>
      </trkpt>
      <trkpt lat="43.056447" lon="-1.078962">
        <ele>1061.585538</ele>
        <time>2026-03-14T10:35:43.452Z</time>
      </trkpt>
      <trkpt lat="43.056376" lon="-1.078747">
        <ele>1060.576097</ele>
        <time>2026-03-14T10:35:45.052Z</time>
      </trkpt>
      <trkpt lat="43.056384" lon="-1.078579">
        <ele>1059.855799</ele>
        <time>2026-03-14T10:35:46.160Z</time>
      </trkpt>
      <trkpt lat="43.056491" lon="-1.078136">
        <ele>1057.859597</ele>
        <time>2026-03-14T10:35:49.231Z</time>
      </trkpt>
      <trkpt lat="43.056464" lon="-1.077937">
        <ele>1056.993641</ele>
        <time>2026-03-14T10:35:50.590Z</time>
      </trkpt>
      <trkpt lat="43.056380" lon="-1.077848">
        <ele>1056.371621</ele>
        <time>2026-03-14T10:35:51.581Z</time>
      </trkpt>
      <trkpt lat="43.056275" lon="-1.077817">
        <ele>1055.742664</ele>
        <time>2026-03-14T10:35:52.591Z</time>
      </trkpt>
      <trkpt lat="43.056190" lon="-1.077843">
        <ele>1055.232678</ele>
        <time>2026-03-14T10:35:53.409Z</time>
      </trkpt>
      <trkpt lat="43.055836" lon="-1.078112">
        <ele>1052.861800</ele>
        <time>2026-03-14T10:35:57.246Z</time>
      </trkpt>
      <trkpt lat="43.055635" lon="-1.078157">
        <ele>1051.669228</ele>
        <time>2026-03-14T10:35:59.152Z</time>
      </trkpt>
      <trkpt lat="43.055507" lon="-1.078131">
        <ele>1050.982903</ele>
        <time>2026-03-14T10:36:00.335Z</time>
      </trkpt>
      <trkpt lat="43.055046" lon="-1.077922">
        <ele>1048.575925</ele>
        <time>2026-03-14T10:36:04.694Z</time>
      </trkpt>
      <trkpt lat="43.054827" lon="-1.077754">
        <ele>1047.331594</ele>
        <time>2026-03-14T10:36:07.024Z</time>
      </trkpt>
      <trkpt lat="43.054492" lon="-1.077314">
        <ele>1045.030268</ele>
        <time>2026-03-14T10:36:11.645Z</time>
      </trkpt>
      <trkpt lat="43.054461" lon="-1.077167">
        <ele>1044.476162</ele>
        <time>2026-03-14T10:36:12.757Z</time>
      </trkpt>
      <trkpt lat="43.054518" lon="-1.076765">
        <ele>1042.993115</ele>
        <time>2026-03-14T10:36:15.674Z</time>
      </trkpt>
      <trkpt lat="43.054448" lon="-1.076612">
        <ele>1042.314236</ele>
        <time>2026-03-14T10:36:16.941Z</time>
      </trkpt>
      <trkpt lat="43.054376" lon="-1.076575">
        <ele>1041.854796</ele>
        <time>2026-03-14T10:36:17.682Z</time>
      </trkpt>
      <trkpt lat="43.054056" lon="-1.076579">
        <ele>1039.943087</ele>
        <time>2026-03-14T10:36:20.723Z</time>
      </trkpt>
      <trkpt lat="43.053935" lon="-1.076516">
        <ele>1039.169707</ele>
        <time>2026-03-14T10:36:21.930Z</time>
      </trkpt>
      <trkpt lat="43.052842" lon="-1.075500">
        <ele>1031.289841</ele>
        <time>2026-03-14T10:36:33.894Z</time>
      </trkpt>
      <trkpt lat="43.052403" lon="-1.075347">
        <ele>1028.665588</ele>
        <time>2026-03-14T10:36:37.951Z</time>
      </trkpt>
      <trkpt lat="43.051782" lon="-1.075185">
        <ele>1025.003424</ele>
        <time>2026-03-14T10:36:43.700Z</time>
      </trkpt>
      <trkpt lat="43.051688" lon="-1.075208">
        <ele>1024.450257</ele>
        <time>2026-03-14T10:36:44.587Z</time>
      </trkpt>
      <trkpt lat="43.051338" lon="-1.075459">
        <ele>1022.161212</ele>
        <time>2026-03-14T10:36:48.324Z</time>
      </trkpt>
      <trkpt lat="43.051242" lon="-1.075485">
        <ele>1021.594308</ele>
        <time>2026-03-14T10:36:49.264Z</time>
      </trkpt>
      <trkpt lat="43.051153" lon="-1.075464">
        <ele>1021.152614</ele>
        <time>2026-03-14T10:36:50.146Z</time>
      </trkpt>
      <trkpt lat="43.050849" lon="-1.075192">
        <ele>1019.805767</ele>
        <time>2026-03-14T10:36:53.782Z</time>
      </trkpt>
      <trkpt lat="43.050638" lon="-1.075049">
        <ele>1018.932650</ele>
        <time>2026-03-14T10:36:56.228Z</time>
      </trkpt>
      <trkpt lat="43.050199" lon="-1.074817">
        <ele>1017.187595</ele>
        <time>2026-03-14T10:37:01.155Z</time>
      </trkpt>
      <trkpt lat="43.049695" lon="-1.074611">
        <ele>1015.237098</ele>
        <time>2026-03-14T10:37:06.381Z</time>
      </trkpt>
      <trkpt lat="43.049610" lon="-1.074550">
        <ele>1014.881191</ele>
        <time>2026-03-14T10:37:07.299Z</time>
      </trkpt>
      <trkpt lat="43.049322" lon="-1.074278">
        <ele>1013.348749</ele>
        <time>2026-03-14T10:37:10.558Z</time>
      </trkpt>
      <trkpt lat="43.048478" lon="-1.073309">
        <ele>1008.344753</ele>
        <time>2026-03-14T10:37:20.855Z</time>
      </trkpt>
      <trkpt lat="43.048326" lon="-1.073156">
        <ele>1007.487702</ele>
        <time>2026-03-14T10:37:22.652Z</time>
      </trkpt>
      <trkpt lat="43.048315" lon="-1.073149">
        <ele>1007.432602</ele>
        <time>2026-03-14T10:37:22.770Z</time>
      </trkpt>
      <trkpt lat="43.048255" lon="-1.073116">
        <ele>1007.138892</ele>
        <time>2026-03-14T10:37:23.390Z</time>
      </trkpt>
      <trkpt lat="43.048117" lon="-1.073046">
        <ele>1006.470415</ele>
        <time>2026-03-14T10:37:24.846Z</time>
      </trkpt>
      <trkpt lat="43.047992" lon="-1.073007">
        <ele>1006.565975</ele>
        <time>2026-03-14T10:37:26.162Z</time>
      </trkpt>
      <trkpt lat="43.047854" lon="-1.073036">
        <ele>1006.685580</ele>
        <time>2026-03-14T10:37:27.676Z</time>
      </trkpt>
      <trkpt lat="43.047493" lon="-1.073257">
        <ele>1007.024375</ele>
        <time>2026-03-14T10:37:32.650Z</time>
      </trkpt>
      <trkpt lat="43.047201" lon="-1.073335">
        <ele>1007.279243</ele>
        <time>2026-03-14T10:37:37.671Z</time>
      </trkpt>
      <trkpt lat="43.047183" lon="-1.073285">
        <ele>1007.314137</ele>
        <time>2026-03-14T10:37:38.509Z</time>
      </trkpt>
      <trkpt lat="43.046928" lon="-1.073201">
        <ele>1007.538827</ele>
        <time>2026-03-14T10:37:43.920Z</time>
      </trkpt>
      <trkpt lat="43.046884" lon="-1.073160">
        <ele>1007.584430</ele>
        <time>2026-03-14T10:37:45.216Z</time>
      </trkpt>
      <trkpt lat="43.046901" lon="-1.073092">
        <ele>1007.629424</ele>
        <time>2026-03-14T10:37:46.477Z</time>
      </trkpt>
      <trkpt lat="43.046965" lon="-1.073030">
        <ele>1007.696599</ele>
        <time>2026-03-14T10:37:48.533Z</time>
      </trkpt>
      <trkpt lat="43.047351" lon="-1.073028">
        <ele>1008.253186</ele>
        <time>2026-03-14T10:38:00.649Z</time>
      </trkpt>
      <trkpt lat="43.047497" lon="-1.072993">
        <ele>1009.403544</ele>
        <time>2026-03-14T10:38:06.214Z</time>
      </trkpt>
      <trkpt lat="43.047599" lon="-1.072920">
        <ele>1010.296896</ele>
        <time>2026-03-14T10:38:10.839Z</time>
      </trkpt>
      <trkpt lat="43.048113" lon="-1.072312">
        <ele>1015.569858</ele>
        <time>2026-03-14T10:38:40.525Z</time>
      </trkpt>
      <trkpt lat="43.048349" lon="-1.072097">
        <ele>1017.770224</ele>
        <time>2026-03-14T10:38:54.788Z</time>
      </trkpt>
      <trkpt lat="43.049046" lon="-1.071667">
        <ele>1023.893789</ele>
        <time>2026-03-14T10:39:37.722Z</time>
      </trkpt>
      <trkpt lat="43.049397" lon="-1.071383">
        <ele>1027.402648</ele>
        <time>2026-03-14T10:40:00.106Z</time>
      </trkpt>
      <trkpt lat="43.049636" lon="-1.071138">
        <ele>1029.972317</ele>
        <time>2026-03-14T10:40:15.796Z</time>
      </trkpt>
      <trkpt lat="43.049897" lon="-1.070779">
        <ele>1033.156720</ele>
        <time>2026-03-14T10:40:34.476Z</time>
      </trkpt>
      <trkpt lat="43.050436" lon="-1.069863">
        <ele>1037.548660</ele>
        <time>2026-03-14T10:41:11.178Z</time>
      </trkpt>
      <trkpt lat="43.050488" lon="-1.069706">
        <ele>1037.587878</ele>
        <time>2026-03-14T10:41:14.910Z</time>
      </trkpt>
      <trkpt lat="43.050507" lon="-1.069549">
        <ele>1037.624084</ele>
        <time>2026-03-14T10:41:17.914Z</time>
      </trkpt>
      <trkpt lat="43.050499" lon="-1.069367">
        <ele>1037.665566</ele>
        <time>2026-03-14T10:41:20.732Z</time>
      </trkpt>
      <trkpt lat="43.050311" lon="-1.068806">
        <ele>1037.805983</ele>
        <time>2026-03-14T10:41:26.660Z</time>
      </trkpt>
      <trkpt lat="43.050292" lon="-1.068664">
        <ele>1037.838827</ele>
        <time>2026-03-14T10:41:27.769Z</time>
      </trkpt>
      <trkpt lat="43.050307" lon="-1.068258">
        <ele>1037.931316</ele>
        <time>2026-03-14T10:41:30.674Z</time>
      </trkpt>
      <trkpt lat="43.050370" lon="-1.068092">
        <ele>1037.973873</ele>
        <time>2026-03-14T10:41:31.963Z</time>
      </trkpt>
      <trkpt lat="43.051063" lon="-1.067152">
        <ele>1034.651196</ele>
        <time>2026-03-14T10:41:40.803Z</time>
      </trkpt>
      <trkpt lat="43.051135" lon="-1.067059">
        <ele>1034.285270</ele>
        <time>2026-03-14T10:41:41.727Z</time>
      </trkpt>
      <trkpt lat="43.051214" lon="-1.066904">
        <ele>1033.774881</ele>
        <time>2026-03-14T10:41:43.038Z</time>
      </trkpt>
      <trkpt lat="43.051265" lon="-1.066716">
        <ele>1033.233275</ele>
        <time>2026-03-14T10:41:44.483Z</time>
      </trkpt>
      <trkpt lat="43.051273" lon="-1.066554">
        <ele>1032.794749</ele>
        <time>2026-03-14T10:41:45.712Z</time>
      </trkpt>
      <trkpt lat="43.051254" lon="-1.066431">
        <ele>1032.455212</ele>
        <time>2026-03-14T10:41:46.723Z</time>
      </trkpt>
      <trkpt lat="43.050824" lon="-1.065721">
        <ele>1033.418150</ele>
        <time>2026-03-14T10:41:59.174Z</time>
      </trkpt>
      <trkpt lat="43.050750" lon="-1.065561">
        <ele>1034.183264</ele>
        <time>2026-03-14T10:42:03.541Z</time>
      </trkpt>
      <trkpt lat="43.050619" lon="-1.065007">
        <ele>1036.536076</ele>
        <time>2026-03-14T10:42:20.207Z</time>
      </trkpt>
      <trkpt lat="43.050358" lon="-1.064221">
        <ele>1040.024577</ele>
        <time>2026-03-14T10:42:49.579Z</time>
      </trkpt>
      <trkpt lat="43.050254" lon="-1.063748">
        <ele>1042.307450</ele>
        <time>2026-03-14T10:43:07.769Z</time>
      </trkpt>
      <trkpt lat="43.050193" lon="-1.063601">
        <ele>1043.260285</ele>
        <time>2026-03-14T10:43:14.155Z</time>
      </trkpt>
      <trkpt lat="43.050092" lon="-1.063449">
        <ele>1044.418263</ele>
        <time>2026-03-14T10:43:21.935Z</time>
      </trkpt>
      <trkpt lat="43.049852" lon="-1.063216">
        <ele>1046.687983</ele>
        <time>2026-03-14T10:43:37.152Z</time>
      </trkpt>
      <trkpt lat="43.049718" lon="-1.063131">
        <ele>1047.827199</ele>
        <time>2026-03-14T10:43:44.615Z</time>
      </trkpt>
      <trkpt lat="43.049602" lon="-1.063083">
        <ele>1048.761945</ele>
        <time>2026-03-14T10:43:50.729Z</time>
      </trkpt>
      <trkpt lat="43.049423" lon="-1.063063">
        <ele>1050.147208</ele>
        <time>2026-03-14T10:43:59.376Z</time>
      </trkpt>
      <trkpt lat="43.048886" lon="-1.063047">
        <ele>1054.290195</ele>
        <time>2026-03-14T10:44:22.087Z</time>
      </trkpt>
      <trkpt lat="43.048798" lon="-1.063015">
        <ele>1054.992517</ele>
        <time>2026-03-14T10:44:25.413Z</time>
      </trkpt>
      <trkpt lat="43.048705" lon="-1.062900">
        <ele>1055.566627</ele>
        <time>2026-03-14T10:44:29.785Z</time>
      </trkpt>
      <trkpt lat="43.048694" lon="-1.062715">
        <ele>1056.094213</ele>
        <time>2026-03-14T10:44:34.251Z</time>
      </trkpt>
      <trkpt lat="43.048789" lon="-1.062383">
        <ele>1057.107662</ele>
        <time>2026-03-14T10:44:42.363Z</time>
      </trkpt>
      <trkpt lat="43.048819" lon="-1.062073">
        <ele>1057.996504</ele>
        <time>2026-03-14T10:44:49.197Z</time>
      </trkpt>
      <trkpt lat="43.048726" lon="-1.061121">
        <ele>1060.726558</ele>
        <time>2026-03-14T10:45:08.089Z</time>
      </trkpt>
      <trkpt lat="43.048901" lon="-1.060209">
        <ele>1063.834160</ele>
        <time>2026-03-14T10:45:27.109Z</time>
      </trkpt>
      <trkpt lat="43.048824" lon="-1.059449">
        <ele>1066.764683</ele>
        <time>2026-03-14T10:45:46.458Z</time>
      </trkpt>
      <trkpt lat="43.048778" lon="-1.059289">
        <ele>1067.421383</ele>
        <time>2026-03-14T10:45:51.314Z</time>
      </trkpt>
      <trkpt lat="43.048563" lon="-1.058969">
        <ele>1069.081665</ele>
        <time>2026-03-14T10:46:03.949Z</time>
      </trkpt>
      <trkpt lat="43.048470" lon="-1.058882">
        <ele>1069.670461</ele>
        <time>2026-03-14T10:46:08.541Z</time>
      </trkpt>
      <trkpt lat="43.048134" lon="-1.058743">
        <ele>1071.505079</ele>
        <time>2026-03-14T10:46:22.925Z</time>
      </trkpt>
      <trkpt lat="43.047908" lon="-1.058556">
        <ele>1072.900509</ele>
        <time>2026-03-14T10:46:33.640Z</time>
      </trkpt>
      <trkpt lat="43.047804" lon="-1.058379">
        <ele>1073.777872</ele>
        <time>2026-03-14T10:46:40.356Z</time>
      </trkpt>
      <trkpt lat="43.047637" lon="-1.057954">
        <ele>1075.641963</ele>
        <time>2026-03-14T10:46:54.336Z</time>
      </trkpt>
      <trkpt lat="43.047293" lon="-1.056750">
        <ele>1080.635949</ele>
        <time>2026-03-14T10:47:27.146Z</time>
      </trkpt>
      <trkpt lat="43.047148" lon="-1.056387">
        <ele>1081.753227</ele>
        <time>2026-03-14T10:47:35.708Z</time>
      </trkpt>
      <trkpt lat="43.047026" lon="-1.056218">
        <ele>1082.291257</ele>
        <time>2026-03-14T10:47:40.339Z</time>
      </trkpt>
      <trkpt lat="43.046877" lon="-1.056068">
        <ele>1082.864552</ele>
        <time>2026-03-14T10:47:45.024Z</time>
      </trkpt>
      <trkpt lat="43.046454" lon="-1.055745">
        <ele>1084.365835</ele>
        <time>2026-03-14T10:47:55.676Z</time>
      </trkpt>
      <trkpt lat="43.046034" lon="-1.055250">
        <ele>1086.083778</ele>
        <time>2026-03-14T10:48:07.605Z</time>
      </trkpt>
      <trkpt lat="43.045750" lon="-1.054866">
        <ele>1088.611138</ele>
        <time>2026-03-14T10:48:20.830Z</time>
      </trkpt>
      <trkpt lat="43.045701" lon="-1.054801">
        <ele>1089.226881</ele>
        <time>2026-03-14T10:48:23.459Z</time>
      </trkpt>
      <trkpt lat="43.045628" lon="-1.054758">
        <ele>1089.943953</ele>
        <time>2026-03-14T10:48:26.884Z</time>
      </trkpt>
      <trkpt lat="43.045528" lon="-1.054756">
        <ele>1090.846292</ele>
        <time>2026-03-14T10:48:31.225Z</time>
      </trkpt>
      <trkpt lat="43.045393" lon="-1.054808">
        <ele>1092.111658</ele>
        <time>2026-03-14T10:48:37.879Z</time>
      </trkpt>
      <trkpt lat="43.044627" lon="-1.055106">
        <ele>1099.296739</ele>
        <time>2026-03-14T10:49:23.506Z</time>
      </trkpt>
      <trkpt lat="43.044459" lon="-1.055102">
        <ele>1100.812736</ele>
        <time>2026-03-14T10:49:34.612Z</time>
      </trkpt>
      <trkpt lat="43.044257" lon="-1.055024">
        <ele>1102.706446</ele>
        <time>2026-03-14T10:49:48.815Z</time>
      </trkpt>
      <trkpt lat="43.044147" lon="-1.055026">
        <ele>1103.602053</ele>
        <time>2026-03-14T10:49:56.104Z</time>
      </trkpt>
      <trkpt lat="43.043775" lon="-1.055257">
        <ele>1106.854540</ele>
        <time>2026-03-14T10:50:20.577Z</time>
      </trkpt>
      <trkpt lat="43.043284" lon="-1.055499">
        <ele>1111.009624</ele>
        <time>2026-03-14T10:50:46.311Z</time>
      </trkpt>
      <trkpt lat="43.043202" lon="-1.055588">
        <ele>1111.842940</ele>
        <time>2026-03-14T10:50:50.801Z</time>
      </trkpt>
      <trkpt lat="43.043042" lon="-1.056065">
        <ele>1114.896855</ele>
        <time>2026-03-14T10:51:05.582Z</time>
      </trkpt>
      <trkpt lat="43.042714" lon="-1.056731">
        <ele>1118.324548</ele>
        <time>2026-03-14T10:51:24.007Z</time>
      </trkpt>
      <trkpt lat="43.042432" lon="-1.057368">
        <ele>1120.385970</ele>
        <time>2026-03-14T10:51:37.231Z</time>
      </trkpt>
      <trkpt lat="43.042044" lon="-1.058031">
        <ele>1122.736958</ele>
        <time>2026-03-14T10:51:55.311Z</time>
      </trkpt>
      <trkpt lat="43.041808" lon="-1.058271">
        <ele>1123.850599</ele>
        <time>2026-03-14T10:52:05.157Z</time>
      </trkpt>
      <trkpt lat="43.041505" lon="-1.058434">
        <ele>1125.116592</ele>
        <time>2026-03-14T10:52:16.263Z</time>
      </trkpt>
      <trkpt lat="43.041327" lon="-1.058503">
        <ele>1125.838689</ele>
        <time>2026-03-14T10:52:22.788Z</time>
      </trkpt>
      <trkpt lat="43.041021" lon="-1.058531">
        <ele>1127.035708</ele>
        <time>2026-03-14T10:52:33.150Z</time>
      </trkpt>
      <trkpt lat="43.040847" lon="-1.058499">
        <ele>1127.720956</ele>
        <time>2026-03-14T10:52:38.883Z</time>
      </trkpt>
      <trkpt lat="43.040632" lon="-1.058394">
        <ele>1128.611979</ele>
        <time>2026-03-14T10:52:46.164Z</time>
      </trkpt>
      <trkpt lat="43.040375" lon="-1.058154">
        <ele>1129.826450</ele>
        <time>2026-03-14T10:52:55.347Z</time>
      </trkpt>
      <trkpt lat="43.040159" lon="-1.057838">
        <ele>1131.064146</ele>
        <time>2026-03-14T10:53:03.021Z</time>
      </trkpt>
      <trkpt lat="43.039870" lon="-1.057385">
        <ele>1132.954621</ele>
        <time>2026-03-14T10:53:12.650Z</time>
      </trkpt>
      <trkpt lat="43.039642" lon="-1.057082">
        <ele>1134.321891</ele>
        <time>2026-03-14T10:53:20.690Z</time>
      </trkpt>
      <trkpt lat="43.039563" lon="-1.057010">
        <ele>1134.730213</ele>
        <time>2026-03-14T10:53:23.259Z</time>
      </trkpt>
      <trkpt lat="43.039410" lon="-1.056947">
        <ele>1135.417525</ele>
        <time>2026-03-14T10:53:28.047Z</time>
      </trkpt>
      <trkpt lat="43.039204" lon="-1.056857">
        <ele>1136.347746</ele>
        <time>2026-03-14T10:53:35.518Z</time>
      </trkpt>
      <trkpt lat="43.038882" lon="-1.056549">
        <ele>1138.037809</ele>
        <time>2026-03-14T10:53:51.898Z</time>
      </trkpt>
      <trkpt lat="43.038334" lon="-1.056214">
        <ele>1140.790238</ele>
        <time>2026-03-14T10:54:18.262Z</time>
      </trkpt>
      <trkpt lat="43.038035" lon="-1.055872">
        <ele>1142.620755</ele>
        <time>2026-03-14T10:54:33.679Z</time>
      </trkpt>
      <trkpt lat="43.037910" lon="-1.055608">
        <ele>1143.700624</ele>
        <time>2026-03-14T10:54:41.322Z</time>
      </trkpt>
      <trkpt lat="43.037903" lon="-1.055342">
        <ele>1144.614398</ele>
        <time>2026-03-14T10:54:47.001Z</time>
      </trkpt>
      <trkpt lat="43.037982" lon="-1.054918">
        <ele>1146.116547</ele>
        <time>2026-03-14T10:54:55.165Z</time>
      </trkpt>
      <trkpt lat="43.037928" lon="-1.054571">
        <ele>1147.280998</ele>
        <time>2026-03-14T10:55:01.240Z</time>
      </trkpt>
      <trkpt lat="43.037748" lon="-1.053784">
        <ele>1148.872949</ele>
        <time>2026-03-14T10:55:15.026Z</time>
      </trkpt>
      <trkpt lat="43.037713" lon="-1.053444">
        <ele>1149.535798</ele>
        <time>2026-03-14T10:55:21.214Z</time>
      </trkpt>
      <trkpt lat="43.037696" lon="-1.052940">
        <ele>1150.509806</ele>
        <time>2026-03-14T10:55:30.904Z</time>
      </trkpt>
      <trkpt lat="43.037641" lon="-1.052394">
        <ele>1151.573824</ele>
        <time>2026-03-14T10:55:41.907Z</time>
      </trkpt>
      <trkpt lat="43.037625" lon="-1.051748">
        <ele>1153.376235</ele>
        <time>2026-03-14T10:55:54.839Z</time>
      </trkpt>
      <trkpt lat="43.037670" lon="-1.051060">
        <ele>1155.570934</ele>
        <time>2026-03-14T10:56:08.017Z</time>
      </trkpt>
      <trkpt lat="43.037648" lon="-1.050480">
        <ele>1157.416233</ele>
        <time>2026-03-14T10:56:20.687Z</time>
      </trkpt>
      <trkpt lat="43.037588" lon="-1.050267">
        <ele>1158.141513</ele>
        <time>2026-03-14T10:56:26.214Z</time>
      </trkpt>
      <trkpt lat="43.037464" lon="-1.050033">
        <ele>1159.059840</ele>
        <time>2026-03-14T10:56:33.921Z</time>
      </trkpt>
      <trkpt lat="43.037346" lon="-1.049594">
        <ele>1161.311949</ele>
        <time>2026-03-14T10:56:48.727Z</time>
      </trkpt>
      <trkpt lat="43.037224" lon="-1.048842">
        <ele>1166.212150</ele>
        <time>2026-03-14T10:57:18.077Z</time>
      </trkpt>
      <trkpt lat="43.037090" lon="-1.047946">
        <ele>1172.030074</ele>
        <time>2026-03-14T10:57:55.127Z</time>
      </trkpt>
      <trkpt lat="43.037007" lon="-1.047673">
        <ele>1173.910994</ele>
        <time>2026-03-14T10:58:06.342Z</time>
      </trkpt>
      <trkpt lat="43.036571" lon="-1.046932">
        <ele>1178.808609</ele>
        <time>2026-03-14T10:58:39.377Z</time>
      </trkpt>
      <trkpt lat="43.035995" lon="-1.045846">
        <ele>1185.168587</ele>
        <time>2026-03-14T10:59:17.047Z</time>
      </trkpt>
      <trkpt lat="43.035667" lon="-1.045321">
        <ele>1188.075093</ele>
        <time>2026-03-14T10:59:34.634Z</time>
      </trkpt>
      <trkpt lat="43.035623" lon="-1.045090">
        <ele>1188.897117</ele>
        <time>2026-03-14T10:59:40.502Z</time>
      </trkpt>
      <trkpt lat="43.035810" lon="-1.044111">
        <ele>1192.381554</ele>
        <time>2026-03-14T11:00:04.053Z</time>
      </trkpt>
      <trkpt lat="43.035772" lon="-1.043965">
        <ele>1192.915233</ele>
        <time>2026-03-14T11:00:07.361Z</time>
      </trkpt>
      <trkpt lat="43.035688" lon="-1.043941">
        <ele>1193.319510</ele>
        <time>2026-03-14T11:00:09.851Z</time>
      </trkpt>
      <trkpt lat="43.035622" lon="-1.043975">
        <ele>1193.651761</ele>
        <time>2026-03-14T11:00:11.867Z</time>
      </trkpt>
      <trkpt lat="43.035319" lon="-1.044283">
        <ele>1195.430138</ele>
        <time>2026-03-14T11:00:23.568Z</time>
      </trkpt>
      <trkpt lat="43.035153" lon="-1.044374">
        <ele>1197.394881</ele>
        <time>2026-03-14T11:00:29.890Z</time>
      </trkpt>
      <trkpt lat="43.034951" lon="-1.044385">
        <ele>1199.876411</ele>
        <time>2026-03-14T11:00:37.976Z</time>
      </trkpt>
      <trkpt lat="43.034715" lon="-1.044344">
        <ele>1202.796593</ele>
        <time>2026-03-14T11:00:49.913Z</time>
      </trkpt>
      <trkpt lat="43.034607" lon="-1.044318">
        <ele>1204.142671</ele>
        <time>2026-03-14T11:00:56.622Z</time>
      </trkpt>
      <trkpt lat="43.034554" lon="-1.044244">
        <ele>1205.072235</ele>
        <time>2026-03-14T11:01:01.106Z</time>
      </trkpt>
      <trkpt lat="43.034566" lon="-1.044171">
        <ele>1205.743578</ele>
        <time>2026-03-14T11:01:04.560Z</time>
      </trkpt>
      <trkpt lat="43.034616" lon="-1.044128">
        <ele>1206.468523</ele>
        <time>2026-03-14T11:01:08.167Z</time>
      </trkpt>
      <trkpt lat="43.034863" lon="-1.044041">
        <ele>1209.599341</ele>
        <time>2026-03-14T11:01:26.267Z</time>
      </trkpt>
      <trkpt lat="43.034939" lon="-1.043966">
        <ele>1210.749619</ele>
        <time>2026-03-14T11:01:33.298Z</time>
      </trkpt>
      <trkpt lat="43.034999" lon="-1.043830">
        <ele>1212.174896</ele>
        <time>2026-03-14T11:01:42.467Z</time>
      </trkpt>
      <trkpt lat="43.035157" lon="-1.043285">
        <ele>1217.435378</ele>
        <time>2026-03-14T11:02:20.203Z</time>
      </trkpt>
      <trkpt lat="43.035243" lon="-1.043083">
        <ele>1220.015363</ele>
        <time>2026-03-14T11:02:36.040Z</time>
      </trkpt>
      <trkpt lat="43.035416" lon="-1.042776">
        <ele>1224.385838</ele>
        <time>2026-03-14T11:03:02.862Z</time>
      </trkpt>
      <trkpt lat="43.035510" lon="-1.042526">
        <ele>1227.555508</ele>
        <time>2026-03-14T11:03:21.624Z</time>
      </trkpt>
      <trkpt lat="43.035654" lon="-1.041963">
        <ele>1234.280395</ele>
        <time>2026-03-14T11:03:57.790Z</time>
      </trkpt>
      <trkpt lat="43.035702" lon="-1.041575">
        <ele>1238.717067</ele>
        <time>2026-03-14T11:04:17.658Z</time>
      </trkpt>
      <trkpt lat="43.035864" lon="-1.040953">
        <ele>1245.981195</ele>
        <time>2026-03-14T11:04:47.367Z</time>
      </trkpt>
      <trkpt lat="43.035971" lon="-1.040358">
        <ele>1251.262102</ele>
        <time>2026-03-14T11:05:12.380Z</time>
      </trkpt>
      <trkpt lat="43.036060" lon="-1.040149">
        <ele>1253.346757</ele>
        <time>2026-03-14T11:05:22.116Z</time>
      </trkpt>
      <trkpt lat="43.036227" lon="-1.039925">
        <ele>1256.104360</ele>
        <time>2026-03-14T11:05:35.430Z</time>
      </trkpt>
      <trkpt lat="43.036350" lon="-1.039678">
        <ele>1258.680203</ele>
        <time>2026-03-14T11:05:48.549Z</time>
      </trkpt>
      <trkpt lat="43.036496" lon="-1.039025">
        <ele>1264.565422</ele>
        <time>2026-03-14T11:06:22.030Z</time>
      </trkpt>
      <trkpt lat="43.036448" lon="-1.038928">
        <ele>1265.574974</ele>
        <time>2026-03-14T11:06:28.265Z</time>
      </trkpt>
      <trkpt lat="43.036347" lon="-1.038946">
        <ele>1266.753480</ele>
        <time>2026-03-14T11:06:35.870Z</time>
      </trkpt>
      <trkpt lat="43.036189" lon="-1.039213">
        <ele>1269.327903</ele>
        <time>2026-03-14T11:06:54.036Z</time>
      </trkpt>
      <trkpt lat="43.036056" lon="-1.039368">
        <ele>1271.119172</ele>
        <time>2026-03-14T11:07:06.229Z</time>
      </trkpt>
      <trkpt lat="43.035634" lon="-1.039774">
        <ele>1276.408487</ele>
        <time>2026-03-14T11:07:37.909Z</time>
      </trkpt>
      <trkpt lat="43.035550" lon="-1.039765">
        <ele>1277.272350</ele>
        <time>2026-03-14T11:07:42.464Z</time>
      </trkpt>
      <trkpt lat="43.035525" lon="-1.039710">
        <ele>1277.757718</ele>
        <time>2026-03-14T11:07:44.931Z</time>
      </trkpt>
      <trkpt lat="43.035529" lon="-1.039642">
        <ele>1278.268958</ele>
        <time>2026-03-14T11:07:47.575Z</time>
      </trkpt>
      <trkpt lat="43.035830" lon="-1.039144">
        <ele>1283.111644</ele>
        <time>2026-03-14T11:08:09.923Z</time>
      </trkpt>
      <trkpt lat="43.036027" lon="-1.038618">
        <ele>1286.760198</ele>
        <time>2026-03-14T11:08:26.797Z</time>
      </trkpt>
      <trkpt lat="43.036496" lon="-1.037732">
        <ele>1292.394380</ele>
        <time>2026-03-14T11:08:55.655Z</time>
      </trkpt>
      <trkpt lat="43.036607" lon="-1.037379">
        <ele>1294.373543</ele>
        <time>2026-03-14T11:09:07.561Z</time>
      </trkpt>
      <trkpt lat="43.036690" lon="-1.037244">
        <ele>1295.282099</ele>
        <time>2026-03-14T11:09:13.939Z</time>
      </trkpt>
      <trkpt lat="43.036873" lon="-1.037124">
        <ele>1296.712039</ele>
        <time>2026-03-14T11:09:24.575Z</time>
      </trkpt>
      <trkpt lat="43.036889" lon="-1.037055">
        <ele>1297.084863</ele>
        <time>2026-03-14T11:09:27.483Z</time>
      </trkpt>
      <trkpt lat="43.036852" lon="-1.036939">
        <ele>1297.738741</ele>
        <time>2026-03-14T11:09:32.407Z</time>
      </trkpt>
      <trkpt lat="43.036808" lon="-1.036899">
        <ele>1298.152798</ele>
        <time>2026-03-14T11:09:35.362Z</time>
      </trkpt>
      <trkpt lat="43.036724" lon="-1.036892">
        <ele>1298.812400</ele>
        <time>2026-03-14T11:09:39.920Z</time>
      </trkpt>
      <trkpt lat="43.036353" lon="-1.037201">
        <ele>1302.216697</ele>
        <time>2026-03-14T11:10:03.901Z</time>
      </trkpt>
      <trkpt lat="43.035989" lon="-1.037410">
        <ele>1305.310744</ele>
        <time>2026-03-14T11:10:22.995Z</time>
      </trkpt>
      <trkpt lat="43.035800" lon="-1.037646">
        <ele>1307.316332</ele>
        <time>2026-03-14T11:10:33.635Z</time>
      </trkpt>
      <trkpt lat="43.035754" lon="-1.037669">
        <ele>1307.700197</ele>
        <time>2026-03-14T11:10:35.640Z</time>
      </trkpt>
      <trkpt lat="43.035705" lon="-1.037635">
        <ele>1308.130823</ele>
        <time>2026-03-14T11:10:37.860Z</time>
      </trkpt>
      <trkpt lat="43.035693" lon="-1.037559">
        <ele>1308.576265</ele>
        <time>2026-03-14T11:10:40.455Z</time>
      </trkpt>
      <trkpt lat="43.035714" lon="-1.037488">
        <ele>1309.015058</ele>
        <time>2026-03-14T11:10:42.739Z</time>
      </trkpt>
      <trkpt lat="43.035879" lon="-1.037233">
        <ele>1310.966120</ele>
        <time>2026-03-14T11:10:53.368Z</time>
      </trkpt>
      <trkpt lat="43.036092" lon="-1.036747">
        <ele>1313.557109</ele>
        <time>2026-03-14T11:11:09.873Z</time>
      </trkpt>
      <trkpt lat="43.036615" lon="-1.035430">
        <ele>1319.795271</ele>
        <time>2026-03-14T11:11:46.014Z</time>
      </trkpt>
      <trkpt lat="43.036696" lon="-1.035078">
        <ele>1321.331188</ele>
        <time>2026-03-14T11:11:57.653Z</time>
      </trkpt>
      <trkpt lat="43.036706" lon="-1.034965">
        <ele>1321.804929</ele>
        <time>2026-03-14T11:12:01.388Z</time>
      </trkpt>
      <trkpt lat="43.036680" lon="-1.034780">
        <ele>1322.591206</ele>
        <time>2026-03-14T11:12:07.532Z</time>
      </trkpt>
      <trkpt lat="43.036635" lon="-1.034709">
        <ele>1322.983956</ele>
        <time>2026-03-14T11:12:10.545Z</time>
      </trkpt>
      <trkpt lat="43.036490" lon="-1.034621">
        <ele>1323.890952</ele>
        <time>2026-03-14T11:12:17.590Z</time>
      </trkpt>
      <trkpt lat="43.036407" lon="-1.034602">
        <ele>1324.372129</ele>
        <time>2026-03-14T11:12:21.319Z</time>
      </trkpt>
      <trkpt lat="43.036183" lon="-1.034445">
        <ele>1325.811215</ele>
        <time>2026-03-14T11:12:32.517Z</time>
      </trkpt>
      <trkpt lat="43.036093" lon="-1.034351">
        <ele>1326.458635</ele>
        <time>2026-03-14T11:12:37.465Z</time>
      </trkpt>
      <trkpt lat="43.035891" lon="-1.034059">
        <ele>1328.138904</ele>
        <time>2026-03-14T11:12:49.628Z</time>
      </trkpt>
      <trkpt lat="43.035841" lon="-1.033914">
        <ele>1328.808957</ele>
        <time>2026-03-14T11:12:54.266Z</time>
      </trkpt>
      <trkpt lat="43.035790" lon="-1.033522">
        <ele>1330.473001</ele>
        <time>2026-03-14T11:13:05.124Z</time>
      </trkpt>
      <trkpt lat="43.035804" lon="-1.033070">
        <ele>1332.342505</ele>
        <time>2026-03-14T11:13:15.251Z</time>
      </trkpt>
      <trkpt lat="43.035761" lon="-1.032614">
        <ele>1332.357211</ele>
        <time>2026-03-14T11:13:23.089Z</time>
      </trkpt>
      <trkpt lat="43.035764" lon="-1.032429">
        <ele>1332.363130</ele>
        <time>2026-03-14T11:13:25.468Z</time>
      </trkpt>
      <trkpt lat="43.035804" lon="-1.032193">
        <ele>1332.370879</ele>
        <time>2026-03-14T11:13:28.140Z</time>
      </trkpt>
      <trkpt lat="43.035899" lon="-1.031914">
        <ele>1332.380724</ele>
        <time>2026-03-14T11:13:31.003Z</time>
      </trkpt>
      <trkpt lat="43.036607" lon="-1.030513">
        <ele>1331.812670</ele>
        <time>2026-03-14T11:13:45.444Z</time>
      </trkpt>
      <trkpt lat="43.036835" lon="-1.029582">
        <ele>1330.462651</ele>
        <time>2026-03-14T11:13:53.409Z</time>
      </trkpt>
      <trkpt lat="43.037636" lon="-1.028229">
        <ele>1327.515564</ele>
        <time>2026-03-14T11:14:07.318Z</time>
      </trkpt>
      <trkpt lat="43.037837" lon="-1.027793">
        <ele>1326.402201</ele>
        <time>2026-03-14T11:14:11.329Z</time>
      </trkpt>
      <trkpt lat="43.038056" lon="-1.027234">
        <ele>1325.032347</ele>
        <time>2026-03-14T11:14:16.389Z</time>
      </trkpt>
      <trkpt lat="43.038089" lon="-1.027140">
        <ele>1324.807118</ele>
        <time>2026-03-14T11:14:17.159Z</time>
      </trkpt>
      <trkpt lat="43.038137" lon="-1.026875">
        <ele>1324.217448</ele>
        <time>2026-03-14T11:14:19.215Z</time>
      </trkpt>
      <trkpt lat="43.038129" lon="-1.026719">
        <ele>1323.879686</ele>
        <time>2026-03-14T11:14:20.335Z</time>
      </trkpt>
      <trkpt lat="43.038057" lon="-1.026597">
        <ele>1323.178517</ele>
        <time>2026-03-14T11:14:21.436Z</time>
      </trkpt>
      <trkpt lat="43.037648" lon="-1.026293">
        <ele>1319.056075</ele>
        <time>2026-03-14T11:14:25.614Z</time>
      </trkpt>
      <trkpt lat="43.036951" lon="-1.025486">
        <ele>1310.969116</ele>
        <time>2026-03-14T11:14:33.477Z</time>
      </trkpt>
      <trkpt lat="43.036847" lon="-1.025400">
        <ele>1309.892842</ele>
        <time>2026-03-14T11:14:34.513Z</time>
      </trkpt>
      <trkpt lat="43.036589" lon="-1.025268">
        <ele>1307.272567</ele>
        <time>2026-03-14T11:14:36.865Z</time>
      </trkpt>
      <trkpt lat="43.036433" lon="-1.025093">
        <ele>1304.533942</ele>
        <time>2026-03-14T11:14:38.574Z</time>
      </trkpt>
      <trkpt lat="43.036240" lon="-1.024792">
        <ele>1300.560932</ele>
        <time>2026-03-14T11:14:41.056Z</time>
      </trkpt>
      <trkpt lat="43.036117" lon="-1.024670">
        <ele>1298.498519</ele>
        <time>2026-03-14T11:14:42.331Z</time>
      </trkpt>
      <trkpt lat="43.035752" lon="-1.024419">
        <ele>1292.952810</ele>
        <time>2026-03-14T11:14:45.735Z</time>
      </trkpt>
      <trkpt lat="43.035678" lon="-1.024331">
        <ele>1291.621784</ele>
        <time>2026-03-14T11:14:46.550Z</time>
      </trkpt>
      <trkpt lat="43.035563" lon="-1.024084">
        <ele>1288.715916</ele>
        <time>2026-03-14T11:14:48.319Z</time>
      </trkpt>
      <trkpt lat="43.035513" lon="-1.023812">
        <ele>1285.932918</ele>
        <time>2026-03-14T11:14:50.017Z</time>
      </trkpt>
      <trkpt lat="43.035450" lon="-1.023211">
        <ele>1280.222665</ele>
        <time>2026-03-14T11:14:53.700Z</time>
      </trkpt>
      <trkpt lat="43.035416" lon="-1.023088">
        <ele>1279.036103</ele>
        <time>2026-03-14T11:14:54.501Z</time>
      </trkpt>
      <trkpt lat="43.035344" lon="-1.022970">
        <ele>1277.649141</ele>
        <time>2026-03-14T11:14:55.430Z</time>
      </trkpt>
      <trkpt lat="43.035269" lon="-1.022927">
        <ele>1276.645274</ele>
        <time>2026-03-14T11:14:56.114Z</time>
      </trkpt>
      <trkpt lat="43.035191" lon="-1.022937">
        <ele>1275.678166</ele>
        <time>2026-03-14T11:14:56.761Z</time>
      </trkpt>
      <trkpt lat="43.035091" lon="-1.023043">
        <ele>1274.116519</ele>
        <time>2026-03-14T11:14:57.817Z</time>
      </trkpt>
      <trkpt lat="43.034915" lon="-1.023292">
        <ele>1270.991052</ele>
        <time>2026-03-14T11:14:59.938Z</time>
      </trkpt>
      <trkpt lat="43.034644" lon="-1.023586">
        <ele>1266.721460</ele>
        <time>2026-03-14T11:15:02.871Z</time>
      </trkpt>
      <trkpt lat="43.034458" lon="-1.023651">
        <ele>1264.351614</ele>
        <time>2026-03-14T11:15:04.530Z</time>
      </trkpt>
      <trkpt lat="43.034175" lon="-1.023639">
        <ele>1260.961984</ele>
        <time>2026-03-14T11:15:07.042Z</time>
      </trkpt>
      <trkpt lat="43.033724" lon="-1.023825">
        <ele>1257.096175</ele>
        <time>2026-03-14T11:15:11.202Z</time>
      </trkpt>
      <trkpt lat="43.033533" lon="-1.023952">
        <ele>1255.353334</ele>
        <time>2026-03-14T11:15:13.042Z</time>
      </trkpt>
      <trkpt lat="43.033358" lon="-1.024141">
        <ele>1253.523546</ele>
        <time>2026-03-14T11:15:14.984Z</time>
      </trkpt>
      <trkpt lat="43.033184" lon="-1.024488">
        <ele>1250.999219</ele>
        <time>2026-03-14T11:15:17.676Z</time>
      </trkpt>
      <trkpt lat="43.033130" lon="-1.024542">
        <ele>1250.450278</ele>
        <time>2026-03-14T11:15:18.267Z</time>
      </trkpt>
      <trkpt lat="43.033064" lon="-1.024521">
        <ele>1249.894170</ele>
        <time>2026-03-14T11:15:18.865Z</time>
      </trkpt>
      <trkpt lat="43.033003" lon="-1.024418">
        <ele>1249.098934</ele>
        <time>2026-03-14T11:15:19.725Z</time>
      </trkpt>
      <trkpt lat="43.033000" lon="-1.024305">
        <ele>1248.420614</ele>
        <time>2026-03-14T11:15:20.468Z</time>
      </trkpt>
      <trkpt lat="43.033062" lon="-1.024147">
        <ele>1247.344848</ele>
        <time>2026-03-14T11:15:21.643Z</time>
      </trkpt>
      <trkpt lat="43.033291" lon="-1.023847">
        <ele>1244.806506</ele>
        <time>2026-03-14T11:15:24.522Z</time>
      </trkpt>
      <trkpt lat="43.033957" lon="-1.023239">
        <ele>1238.486721</ele>
        <time>2026-03-14T11:15:31.744Z</time>
      </trkpt>
      <trkpt lat="43.034095" lon="-1.023139">
        <ele>1237.254101</ele>
        <time>2026-03-14T11:15:33.155Z</time>
      </trkpt>
      <trkpt lat="43.034344" lon="-1.023029">
        <ele>1235.188776</ele>
        <time>2026-03-14T11:15:35.471Z</time>
      </trkpt>
      <trkpt lat="43.034427" lon="-1.022879">
        <ele>1234.103350</ele>
        <time>2026-03-14T11:15:36.670Z</time>
      </trkpt>
      <trkpt lat="43.034448" lon="-1.022635">
        <ele>1232.685876</ele>
        <time>2026-03-14T11:15:38.216Z</time>
      </trkpt>
      <trkpt lat="43.034383" lon="-1.022322">
        <ele>1230.289057</ele>
        <time>2026-03-14T11:15:40.243Z</time>
      </trkpt>
      <trkpt lat="43.034273" lon="-1.022057">
        <ele>1227.880548</ele>
        <time>2026-03-14T11:15:42.125Z</time>
      </trkpt>
      <trkpt lat="43.033716" lon="-1.021146">
        <ele>1218.493923</ele>
        <time>2026-03-14T11:15:49.509Z</time>
      </trkpt>
      <trkpt lat="43.033685" lon="-1.021031">
        <ele>1217.525205</ele>
        <time>2026-03-14T11:15:50.278Z</time>
      </trkpt>
      <trkpt lat="43.033684" lon="-1.020845">
        <ele>1216.055147</ele>
        <time>2026-03-14T11:15:51.445Z</time>
      </trkpt>
      <trkpt lat="43.033717" lon="-1.020714">
        <ele>1214.960053</ele>
        <time>2026-03-14T11:15:52.319Z</time>
      </trkpt>
      <trkpt lat="43.033774" lon="-1.020610">
        <ele>1213.932715</ele>
        <time>2026-03-14T11:15:53.131Z</time>
      </trkpt>
      <trkpt lat="43.034188" lon="-1.020352">
        <ele>1208.401142</ele>
        <time>2026-03-14T11:15:57.011Z</time>
      </trkpt>
      <trkpt lat="43.034313" lon="-1.020187">
        <ele>1206.216349</ele>
        <time>2026-03-14T11:15:58.491Z</time>
      </trkpt>
      <trkpt lat="43.034391" lon="-1.019978">
        <ele>1204.058843</ele>
        <time>2026-03-14T11:15:59.949Z</time>
      </trkpt>
      <trkpt lat="43.034443" lon="-1.019719">
        <ele>1201.589423</ele>
        <time>2026-03-14T11:16:01.631Z</time>
      </trkpt>
      <trkpt lat="43.034491" lon="-1.019218">
        <ele>1196.943872</ele>
        <time>2026-03-14T11:16:04.747Z</time>
      </trkpt>
      <trkpt lat="43.034565" lon="-1.018871">
        <ele>1193.620579</ele>
        <time>2026-03-14T11:16:06.943Z</time>
      </trkpt>
      <trkpt lat="43.035084" lon="-1.017776">
        <ele>1179.452200</ele>
        <time>2026-03-14T11:16:14.828Z</time>
      </trkpt>
      <trkpt lat="43.035139" lon="-1.017531">
        <ele>1176.495787</ele>
        <time>2026-03-14T11:16:16.379Z</time>
      </trkpt>
      <trkpt lat="43.035132" lon="-1.017409">
        <ele>1175.084162</ele>
        <time>2026-03-14T11:16:17.126Z</time>
      </trkpt>
      <trkpt lat="43.034766" lon="-1.015641">
        <ele>1154.601866</ele>
        <time>2026-03-14T11:16:28.230Z</time>
      </trkpt>
      <trkpt lat="43.034692" lon="-1.015038">
        <ele>1148.188839</ele>
        <time>2026-03-14T11:16:31.948Z</time>
      </trkpt>
      <trkpt lat="43.034467" lon="-1.013999">
        <ele>1136.823158</ele>
        <time>2026-03-14T11:16:38.608Z</time>
      </trkpt>
      <trkpt lat="43.034262" lon="-1.013199">
        <ele>1127.154438</ele>
        <time>2026-03-14T11:16:43.770Z</time>
      </trkpt>
      <trkpt lat="43.034176" lon="-1.012943">
        <ele>1123.912854</ele>
        <time>2026-03-14T11:16:45.476Z</time>
      </trkpt>
      <trkpt lat="43.033633" lon="-1.011850">
        <ele>1108.707668</ele>
        <time>2026-03-14T11:16:53.409Z</time>
      </trkpt>
      <trkpt lat="43.033508" lon="-1.011365">
        <ele>1104.073922</ele>
        <time>2026-03-14T11:16:56.532Z</time>
      </trkpt>
      <trkpt lat="43.033489" lon="-1.010799">
        <ele>1099.281259</ele>
        <time>2026-03-14T11:17:00.029Z</time>
      </trkpt>
      <trkpt lat="43.033312" lon="-1.010317">
        <ele>1094.718577</ele>
        <time>2026-03-14T11:17:03.438Z</time>
      </trkpt>
      <trkpt lat="43.033290" lon="-1.010095">
        <ele>1092.823564</ele>
        <time>2026-03-14T11:17:04.873Z</time>
      </trkpt>
      <trkpt lat="43.033341" lon="-1.009831">
        <ele>1090.513792</ele>
        <time>2026-03-14T11:17:06.624Z</time>
      </trkpt>
      <trkpt lat="43.033548" lon="-1.009098">
        <ele>1083.427982</ele>
        <time>2026-03-14T11:17:11.598Z</time>
      </trkpt>
      <trkpt lat="43.033560" lon="-1.008747">
        <ele>1080.014266</ele>
        <time>2026-03-14T11:17:13.766Z</time>
      </trkpt>
      <trkpt lat="43.033510" lon="-1.008474">
        <ele>1077.280065</ele>
        <time>2026-03-14T11:17:15.488Z</time>
      </trkpt>
      <trkpt lat="43.033439" lon="-1.008322">
        <ele>1075.527608</ele>
        <time>2026-03-14T11:17:16.588Z</time>
      </trkpt>
      <trkpt lat="43.033307" lon="-1.008155">
        <ele>1073.138009</ele>
        <time>2026-03-14T11:17:18.076Z</time>
      </trkpt>
      <trkpt lat="43.033159" lon="-1.008042">
        <ele>1070.885344</ele>
        <time>2026-03-14T11:17:19.479Z</time>
      </trkpt>
      <trkpt lat="43.033038" lon="-1.008046">
        <ele>1069.276671</ele>
        <time>2026-03-14T11:17:20.488Z</time>
      </trkpt>
      <trkpt lat="43.032704" lon="-1.008614">
        <ele>1062.246870</ele>
        <time>2026-03-14T11:17:24.906Z</time>
      </trkpt>
      <trkpt lat="43.032607" lon="-1.008974">
        <ele>1058.789672</ele>
        <time>2026-03-14T11:17:27.246Z</time>
      </trkpt>
      <trkpt lat="43.032311" lon="-1.009718">
        <ele>1051.157063</ele>
        <time>2026-03-14T11:17:32.471Z</time>
      </trkpt>
      <trkpt lat="43.032033" lon="-1.010296">
        <ele>1044.922552</ele>
        <time>2026-03-14T11:17:36.799Z</time>
      </trkpt>
      <trkpt lat="43.031993" lon="-1.010439">
        <ele>1043.542893</ele>
        <time>2026-03-14T11:17:37.756Z</time>
      </trkpt>
      <trkpt lat="43.031988" lon="-1.010804">
        <ele>1040.237229</ele>
        <time>2026-03-14T11:17:40.026Z</time>
      </trkpt>
      <trkpt lat="43.032055" lon="-1.011316">
        <ele>1035.396134</ele>
        <time>2026-03-14T11:17:43.235Z</time>
      </trkpt>
      <trkpt lat="43.032261" lon="-1.011818">
        <ele>1030.037980</ele>
        <time>2026-03-14T11:17:46.762Z</time>
      </trkpt>
      <trkpt lat="43.032278" lon="-1.011906">
        <ele>1029.190821</ele>
        <time>2026-03-14T11:17:47.323Z</time>
      </trkpt>
      <trkpt lat="43.032246" lon="-1.011986">
        <ele>1028.342049</ele>
        <time>2026-03-14T11:17:47.881Z</time>
      </trkpt>
      <trkpt lat="43.032192" lon="-1.012005">
        <ele>1027.632103</ele>
        <time>2026-03-14T11:17:48.347Z</time>
      </trkpt>
      <trkpt lat="43.032128" lon="-1.011985">
        <ele>1026.796216</ele>
        <time>2026-03-14T11:17:48.897Z</time>
      </trkpt>
      <trkpt lat="43.031787" lon="-1.011582">
        <ele>1021.058560</ele>
        <time>2026-03-14T11:17:52.667Z</time>
      </trkpt>
      <trkpt lat="43.031529" lon="-1.011320">
        <ele>1016.956749</ele>
        <time>2026-03-14T11:17:55.361Z</time>
      </trkpt>
      <trkpt lat="43.031431" lon="-1.011199">
        <ele>1015.255515</ele>
        <time>2026-03-14T11:17:56.473Z</time>
      </trkpt>
      <trkpt lat="43.031344" lon="-1.011035">
        <ele>1013.346659</ele>
        <time>2026-03-14T11:17:57.722Z</time>
      </trkpt>
      <trkpt lat="43.031197" lon="-1.010628">
        <ele>1009.070184</ele>
        <time>2026-03-14T11:18:00.533Z</time>
      </trkpt>
      <trkpt lat="43.031155" lon="-1.009980">
        <ele>1002.941974</ele>
        <time>2026-03-14T11:18:04.563Z</time>
      </trkpt>
      <trkpt lat="43.031025" lon="-1.009219">
        <ele>995.580072</ele>
        <time>2026-03-14T11:18:09.353Z</time>
      </trkpt>
      <trkpt lat="43.030961" lon="-1.009055">
        <ele>993.701886</ele>
        <time>2026-03-14T11:18:10.486Z</time>
      </trkpt>
      <trkpt lat="43.030743" lon="-1.008690">
        <ele>988.586867</ele>
        <time>2026-03-14T11:18:13.340Z</time>
      </trkpt>
      <trkpt lat="43.030585" lon="-1.008327">
        <ele>984.002116</ele>
        <time>2026-03-14T11:18:15.887Z</time>
      </trkpt>
      <trkpt lat="43.030505" lon="-1.007952">
        <ele>979.762831</ele>
        <time>2026-03-14T11:18:18.241Z</time>
      </trkpt>
      <trkpt lat="43.030401" lon="-1.007208">
        <ele>971.542590</ele>
        <time>2026-03-14T11:18:22.827Z</time>
      </trkpt>
      <trkpt lat="43.030297" lon="-1.006736">
        <ele>966.529291</ele>
        <time>2026-03-14T11:18:25.852Z</time>
      </trkpt>
      <trkpt lat="43.030281" lon="-1.006304">
        <ele>962.728232</ele>
        <time>2026-03-14T11:18:28.543Z</time>
      </trkpt>
      <trkpt lat="43.030391" lon="-1.005471">
        <ele>955.289789</ele>
        <time>2026-03-14T11:18:33.814Z</time>
      </trkpt>
      <trkpt lat="43.030391" lon="-1.005321">
        <ele>953.971669</ele>
        <time>2026-03-14T11:18:34.752Z</time>
      </trkpt>
      <trkpt lat="43.030255" lon="-1.004960">
        <ele>950.402884</ele>
        <time>2026-03-14T11:18:37.271Z</time>
      </trkpt>
      <trkpt lat="43.029908" lon="-1.004309">
        <ele>942.773116</ele>
        <time>2026-03-14T11:18:42.244Z</time>
      </trkpt>
      <trkpt lat="43.029578" lon="-1.003840">
        <ele>936.010247</ele>
        <time>2026-03-14T11:18:46.204Z</time>
      </trkpt>
      <trkpt lat="43.029505" lon="-1.003623">
        <ele>933.528563</ele>
        <time>2026-03-14T11:18:47.652Z</time>
      </trkpt>
      <trkpt lat="43.029489" lon="-1.003409">
        <ele>931.293713</ele>
        <time>2026-03-14T11:18:48.954Z</time>
      </trkpt>
      <trkpt lat="43.029390" lon="-1.002878">
        <ele>925.600538</ele>
        <time>2026-03-14T11:18:52.300Z</time>
      </trkpt>
      <trkpt lat="43.029345" lon="-1.002006">
        <ele>916.090625</ele>
        <time>2026-03-14T11:18:57.606Z</time>
      </trkpt>
      <trkpt lat="43.029313" lon="-1.001505">
        <ele>910.340621</ele>
        <time>2026-03-14T11:19:00.634Z</time>
      </trkpt>
      <trkpt lat="43.029264" lon="-1.001189">
        <ele>906.647243</ele>
        <time>2026-03-14T11:19:02.595Z</time>
      </trkpt>
      <trkpt lat="43.029198" lon="-1.001022">
        <ele>904.476662</ele>
        <time>2026-03-14T11:19:03.764Z</time>
      </trkpt>
      <trkpt lat="43.029089" lon="-1.000858">
        <ele>901.942397</ele>
        <time>2026-03-14T11:19:05.116Z</time>
      </trkpt>
      <trkpt lat="43.028790" lon="-1.000486">
        <ele>895.620925</ele>
        <time>2026-03-14T11:19:08.481Z</time>
      </trkpt>
      <trkpt lat="43.028506" lon="-1.000003">
        <ele>887.645601</ele>
        <time>2026-03-14T11:19:12.191Z</time>
      </trkpt>
      <trkpt lat="43.028421" lon="-0.999937">
        <ele>885.786671</ele>
        <time>2026-03-14T11:19:12.996Z</time>
      </trkpt>
      <trkpt lat="43.028211" lon="-0.999888">
        <ele>881.734897</ele>
        <time>2026-03-14T11:19:14.738Z</time>
      </trkpt>
      <trkpt lat="43.027835" lon="-0.999973">
        <ele>874.486584</ele>
        <time>2026-03-14T11:19:17.854Z</time>
      </trkpt>
      <trkpt lat="43.027652" lon="-0.999948">
        <ele>870.988708</ele>
        <time>2026-03-14T11:19:19.359Z</time>
      </trkpt>
      <trkpt lat="43.027515" lon="-0.999891">
        <ele>868.265185</ele>
        <time>2026-03-14T11:19:20.534Z</time>
      </trkpt>
      <trkpt lat="43.027259" lon="-0.999745">
        <ele>862.989989</ele>
        <time>2026-03-14T11:19:22.787Z</time>
      </trkpt>
      <trkpt lat="43.027062" lon="-0.999595">
        <ele>858.701822</ele>
        <time>2026-03-14T11:19:24.626Z</time>
      </trkpt>
      <trkpt lat="43.026732" lon="-0.999292">
        <ele>853.246285</ele>
        <time>2026-03-14T11:19:27.891Z</time>
      </trkpt>
      <trkpt lat="43.026576" lon="-0.999082">
        <ele>850.284241</ele>
        <time>2026-03-14T11:19:29.706Z</time>
      </trkpt>
      <trkpt lat="43.026522" lon="-0.998894">
        <ele>848.285856</ele>
        <time>2026-03-14T11:19:30.950Z</time>
      </trkpt>
      <trkpt lat="43.026485" lon="-0.998515">
        <ele>844.502956</ele>
        <time>2026-03-14T11:19:33.315Z</time>
      </trkpt>
      <trkpt lat="43.026504" lon="-0.998346">
        <ele>842.811309</ele>
        <time>2026-03-14T11:19:34.386Z</time>
      </trkpt>
      <trkpt lat="43.026700" lon="-0.997953">
        <ele>838.104564</ele>
        <time>2026-03-14T11:19:37.377Z</time>
      </trkpt>
      <trkpt lat="43.026708" lon="-0.997813">
        <ele>836.715263</ele>
        <time>2026-03-14T11:19:38.260Z</time>
      </trkpt>
      <trkpt lat="43.026687" lon="-0.997651">
        <ele>835.087528</ele>
        <time>2026-03-14T11:19:39.302Z</time>
      </trkpt>
      <trkpt lat="43.026643" lon="-0.997548">
        <ele>833.909709</ele>
        <time>2026-03-14T11:19:40.051Z</time>
      </trkpt>
      <trkpt lat="43.026288" lon="-0.996928">
        <ele>826.219612</ele>
        <time>2026-03-14T11:19:44.969Z</time>
      </trkpt>
      <trkpt lat="43.026221" lon="-0.996723">
        <ele>824.026892</ele>
        <time>2026-03-14T11:19:46.349Z</time>
      </trkpt>
      <trkpt lat="43.026200" lon="-0.996526">
        <ele>822.082891</ele>
        <time>2026-03-14T11:19:47.564Z</time>
      </trkpt>
      <trkpt lat="43.026215" lon="-0.996289">
        <ele>819.759985</ele>
        <time>2026-03-14T11:19:49.015Z</time>
      </trkpt>
      <trkpt lat="43.026387" lon="-0.995173">
        <ele>808.533656</ele>
        <time>2026-03-14T11:19:55.922Z</time>
      </trkpt>
      <trkpt lat="43.026373" lon="-0.995097">
        <ele>807.721062</ele>
        <time>2026-03-14T11:19:56.398Z</time>
      </trkpt>
      <trkpt lat="43.026277" lon="-0.995066">
        <ele>806.322124</ele>
        <time>2026-03-14T11:19:57.213Z</time>
      </trkpt>
      <trkpt lat="43.026221" lon="-0.995110">
        <ele>805.406214</ele>
        <time>2026-03-14T11:19:57.744Z</time>
      </trkpt>
      <trkpt lat="43.026126" lon="-0.995267">
        <ele>803.293172</ele>
        <time>2026-03-14T11:19:58.975Z</time>
      </trkpt>
      <trkpt lat="43.025908" lon="-0.995816">
        <ele>796.815651</ele>
        <time>2026-03-14T11:20:02.764Z</time>
      </trkpt>
      <trkpt lat="43.025590" lon="-0.996213">
        <ele>790.709697</ele>
        <time>2026-03-14T11:20:06.361Z</time>
      </trkpt>
      <trkpt lat="43.025491" lon="-0.996383">
        <ele>788.456243</ele>
        <time>2026-03-14T11:20:07.709Z</time>
      </trkpt>
      <trkpt lat="43.025446" lon="-0.996588">
        <ele>786.237034</ele>
        <time>2026-03-14T11:20:09.031Z</time>
      </trkpt>
      <trkpt lat="43.025436" lon="-0.996801">
        <ele>784.149265</ele>
        <time>2026-03-14T11:20:10.351Z</time>
      </trkpt>
      <trkpt lat="43.025474" lon="-0.997030">
        <ele>782.283512</ele>
        <time>2026-03-14T11:20:11.803Z</time>
      </trkpt>
      <trkpt lat="43.025663" lon="-0.997475">
        <ele>778.194486</ele>
        <time>2026-03-14T11:20:15.004Z</time>
      </trkpt>
      <trkpt lat="43.025687" lon="-0.997605">
        <ele>777.129176</ele>
        <time>2026-03-14T11:20:15.838Z</time>
      </trkpt>
      <trkpt lat="43.025650" lon="-0.997776">
        <ele>775.712277</ele>
        <time>2026-03-14T11:20:16.947Z</time>
      </trkpt>
      <trkpt lat="43.025485" lon="-0.998023">
        <ele>773.053866</ele>
        <time>2026-03-14T11:20:19.039Z</time>
      </trkpt>
      <trkpt lat="43.025410" lon="-0.998258">
        <ele>771.016554</ele>
        <time>2026-03-14T11:20:20.645Z</time>
      </trkpt>
      <trkpt lat="43.025172" lon="-0.999178">
        <ele>763.463171</ele>
        <time>2026-03-14T11:20:26.752Z</time>
      </trkpt>
      <trkpt lat="43.025170" lon="-0.999539">
        <ele>760.923612</ele>
        <time>2026-03-14T11:20:29.041Z</time>
      </trkpt>
      <trkpt lat="43.025206" lon="-0.999710">
        <ele>759.671813</ele>
        <time>2026-03-14T11:20:30.180Z</time>
      </trkpt>
      <trkpt lat="43.025272" lon="-0.999870">
        <ele>758.379467</ele>
        <time>2026-03-14T11:20:31.362Z</time>
      </trkpt>
      <trkpt lat="43.025509" lon="-1.000201">
        <ele>755.120251</ele>
        <time>2026-03-14T11:20:34.345Z</time>
      </trkpt>
      <trkpt lat="43.025700" lon="-1.000595">
        <ele>751.794640</ele>
        <time>2026-03-14T11:20:37.327Z</time>
      </trkpt>
      <trkpt lat="43.025810" lon="-1.000915">
        <ele>749.307155</ele>
        <time>2026-03-14T11:20:39.517Z</time>
      </trkpt>
      <trkpt lat="43.025855" lon="-1.001184">
        <ele>747.342942</ele>
        <time>2026-03-14T11:20:41.247Z</time>
      </trkpt>
      <trkpt lat="43.025822" lon="-1.001278">
        <ele>746.559469</ele>
        <time>2026-03-14T11:20:41.904Z</time>
      </trkpt>
      <trkpt lat="43.025738" lon="-1.001365">
        <ele>745.476607</ele>
        <time>2026-03-14T11:20:42.820Z</time>
      </trkpt>
      <trkpt lat="43.025273" lon="-1.001667">
        <ele>740.186231</ele>
        <time>2026-03-14T11:20:47.261Z</time>
      </trkpt>
      <trkpt lat="43.025198" lon="-1.001688">
        <ele>739.399431</ele>
        <time>2026-03-14T11:20:47.919Z</time>
      </trkpt>
      <trkpt lat="43.025116" lon="-1.001608">
        <ele>738.364279</ele>
        <time>2026-03-14T11:20:48.773Z</time>
      </trkpt>
      <trkpt lat="43.025100" lon="-1.001522">
        <ele>737.697525</ele>
        <time>2026-03-14T11:20:49.329Z</time>
      </trkpt>
      <trkpt lat="43.025123" lon="-1.001433">
        <ele>736.988276</ele>
        <time>2026-03-14T11:20:49.915Z</time>
      </trkpt>
      <trkpt lat="43.025354" lon="-1.001273">
        <ele>734.327148</ele>
        <time>2026-03-14T11:20:52.116Z</time>
      </trkpt>
      <trkpt lat="43.025393" lon="-1.001202">
        <ele>733.659890</ele>
        <time>2026-03-14T11:20:52.668Z</time>
      </trkpt>
      <trkpt lat="43.025405" lon="-1.001029">
        <ele>732.354229</ele>
        <time>2026-03-14T11:20:53.752Z</time>
      </trkpt>
      <trkpt lat="43.025377" lon="-1.000930">
        <ele>731.556673</ele>
        <time>2026-03-14T11:20:54.410Z</time>
      </trkpt>
      <trkpt lat="43.025284" lon="-1.000764">
        <ele>729.985316</ele>
        <time>2026-03-14T11:20:55.729Z</time>
      </trkpt>
      <trkpt lat="43.025177" lon="-1.000635">
        <ele>728.527521</ele>
        <time>2026-03-14T11:20:56.969Z</time>
      </trkpt>
      <trkpt lat="43.024989" lon="-1.000455">
        <ele>726.196274</ele>
        <time>2026-03-14T11:20:59.005Z</time>
      </trkpt>
      <trkpt lat="43.024659" lon="-1.000201">
        <ele>722.349532</ele>
        <time>2026-03-14T11:21:02.295Z</time>
      </trkpt>
      <trkpt lat="43.024372" lon="-0.999802">
        <ele>718.192377</ele>
        <time>2026-03-14T11:21:05.777Z</time>
      </trkpt>
      <trkpt lat="43.024313" lon="-0.999465">
        <ele>715.618766</ele>
        <time>2026-03-14T11:21:07.922Z</time>
      </trkpt>
      <trkpt lat="43.024321" lon="-0.998333">
        <ele>707.898201</ele>
        <time>2026-03-14T11:21:15.029Z</time>
      </trkpt>
      <trkpt lat="43.024305" lon="-0.998150">
        <ele>706.781182</ele>
        <time>2026-03-14T11:21:16.223Z</time>
      </trkpt>
      <trkpt lat="43.024244" lon="-0.997958">
        <ele>705.512382</ele>
        <time>2026-03-14T11:21:17.584Z</time>
      </trkpt>
      <trkpt lat="43.024062" lon="-0.997595">
        <ele>702.844646</ele>
        <time>2026-03-14T11:21:20.470Z</time>
      </trkpt>
      <trkpt lat="43.023953" lon="-0.997273">
        <ele>700.694021</ele>
        <time>2026-03-14T11:21:22.771Z</time>
      </trkpt>
      <trkpt lat="43.023892" lon="-0.996619">
        <ele>696.698143</ele>
        <time>2026-03-14T11:21:27.043Z</time>
      </trkpt>
      <trkpt lat="43.023850" lon="-0.996387">
        <ele>695.052629</ele>
        <time>2026-03-14T11:21:28.599Z</time>
      </trkpt>
      <trkpt lat="43.023799" lon="-0.996310">
        <ele>694.264969</ele>
        <time>2026-03-14T11:21:29.275Z</time>
      </trkpt>
      <trkpt lat="43.023719" lon="-0.996301">
        <ele>693.432611</ele>
        <time>2026-03-14T11:21:29.987Z</time>
      </trkpt>
      <trkpt lat="43.023693" lon="-0.996363">
        <ele>692.890764</ele>
        <time>2026-03-14T11:21:30.458Z</time>
      </trkpt>
      <trkpt lat="43.023692" lon="-0.996456">
        <ele>692.185670</ele>
        <time>2026-03-14T11:21:31.060Z</time>
      </trkpt>
      <trkpt lat="43.023758" lon="-0.996868">
        <ele>688.988267</ele>
        <time>2026-03-14T11:21:33.772Z</time>
      </trkpt>
      <trkpt lat="43.023766" lon="-0.997184">
        <ele>686.591292</ele>
        <time>2026-03-14T11:21:35.788Z</time>
      </trkpt>
      <trkpt lat="43.023835" lon="-0.997877">
        <ele>681.289288</ele>
        <time>2026-03-14T11:21:40.109Z</time>
      </trkpt>
      <trkpt lat="43.023780" lon="-0.998536">
        <ele>676.620045</ele>
        <time>2026-03-14T11:21:44.147Z</time>
      </trkpt>
      <trkpt lat="43.023735" lon="-0.998795">
        <ele>675.247140</ele>
        <time>2026-03-14T11:21:45.777Z</time>
      </trkpt>
      <trkpt lat="43.023535" lon="-0.999231">
        <ele>672.592645</ele>
        <time>2026-03-14T11:21:48.991Z</time>
      </trkpt>
      <trkpt lat="43.023477" lon="-0.999533">
        <ele>670.982334</ele>
        <time>2026-03-14T11:21:50.974Z</time>
      </trkpt>
      <trkpt lat="43.023460" lon="-0.999995">
        <ele>668.596704</ele>
        <time>2026-03-14T11:21:54.014Z</time>
      </trkpt>
      <trkpt lat="43.023504" lon="-1.000750">
        <ele>664.699396</ele>
        <time>2026-03-14T11:21:59.847Z</time>
      </trkpt>
      <trkpt lat="43.023529" lon="-1.000880">
        <ele>665.189022</ele>
        <time>2026-03-14T11:22:02.011Z</time>
      </trkpt>
      <trkpt lat="43.023584" lon="-1.001022">
        <ele>665.774355</ele>
        <time>2026-03-14T11:22:05.281Z</time>
      </trkpt>
      <trkpt lat="43.023766" lon="-1.001216">
        <ele>666.923957</ele>
        <time>2026-03-14T11:22:13.607Z</time>
      </trkpt>
      <trkpt lat="43.023801" lon="-1.001300">
        <ele>667.276126</ele>
        <time>2026-03-14T11:22:16.230Z</time>
      </trkpt>
      <trkpt lat="43.023808" lon="-1.001686">
        <ele>668.682535</ele>
        <time>2026-03-14T11:22:27.195Z</time>
      </trkpt>
      <trkpt lat="43.023836" lon="-1.001889">
        <ele>669.434993</ele>
        <time>2026-03-14T11:22:33.132Z</time>
      </trkpt>
      <trkpt lat="43.023944" lon="-1.002196">
        <ele>670.675946</ele>
        <time>2026-03-14T11:22:43.056Z</time>
      </trkpt>
      <trkpt lat="43.024086" lon="-1.002469">
        <ele>671.896328</ele>
        <time>2026-03-14T11:22:52.909Z</time>
      </trkpt>
      <trkpt lat="43.024148" lon="-1.002796">
        <ele>673.126801</ele>
        <time>2026-03-14T11:23:03.172Z</time>
      </trkpt>
      <trkpt lat="43.024060" lon="-1.003521">
        <ele>675.938304</ele>
        <time>2026-03-14T11:23:28.343Z</time>
      </trkpt>
      <trkpt lat="43.024051" lon="-1.003746">
        <ele>676.810543</ele>
        <time>2026-03-14T11:23:36.294Z</time>
      </trkpt>
      <trkpt lat="43.024005" lon="-1.003959">
        <ele>677.670252</ele>
        <time>2026-03-14T11:23:43.626Z</time>
      </trkpt>
      <trkpt lat="43.023825" lon="-1.004358">
        <ele>679.485104</ele>
        <time>2026-03-14T11:23:57.048Z</time>
      </trkpt>
      <trkpt lat="43.023760" lon="-1.004455">
        <ele>679.994442</ele>
        <time>2026-03-14T11:24:00.324Z</time>
      </trkpt>
      <trkpt lat="43.023673" lon="-1.004506">
        <ele>680.495605</ele>
        <time>2026-03-14T11:24:03.391Z</time>
      </trkpt>
      <trkpt lat="43.023613" lon="-1.004480">
        <ele>680.828852</ele>
        <time>2026-03-14T11:24:05.304Z</time>
      </trkpt>
      <trkpt lat="43.023552" lon="-1.004381">
        <ele>681.330020</ele>
        <time>2026-03-14T11:24:08.049Z</time>
      </trkpt>
      <trkpt lat="43.023526" lon="-1.004245">
        <ele>681.874159</ele>
        <time>2026-03-14T11:24:10.758Z</time>
      </trkpt>
      <trkpt lat="43.023527" lon="-1.003922">
        <ele>683.124459</ele>
        <time>2026-03-14T11:24:16.203Z</time>
      </trkpt>
      <trkpt lat="43.023571" lon="-1.003708">
        <ele>682.993993</ele>
        <time>2026-03-14T11:24:19.473Z</time>
      </trkpt>
      <trkpt lat="43.023561" lon="-1.003489">
        <ele>682.796946</ele>
        <time>2026-03-14T11:24:22.585Z</time>
      </trkpt>
      <trkpt lat="43.023131" lon="-1.002586">
        <ele>681.829192</ele>
        <time>2026-03-14T11:24:32.241Z</time>
      </trkpt>
      <trkpt lat="43.023017" lon="-1.002259">
        <ele>681.503861</ele>
        <time>2026-03-14T11:24:35.074Z</time>
      </trkpt>
      <trkpt lat="43.022934" lon="-1.002116">
        <ele>681.339895</ele>
        <time>2026-03-14T11:24:36.488Z</time>
      </trkpt>
      <trkpt lat="43.022667" lon="-1.001767">
        <ele>680.387550</ele>
        <time>2026-03-14T11:24:40.200Z</time>
      </trkpt>
      <trkpt lat="43.022588" lon="-1.001589">
        <ele>679.103304</ele>
        <time>2026-03-14T11:24:41.658Z</time>
      </trkpt>
      <trkpt lat="43.022463" lon="-1.001175">
        <ele>676.340828</ele>
        <time>2026-03-14T11:24:44.742Z</time>
      </trkpt>
      <trkpt lat="43.022446" lon="-1.001031">
        <ele>675.441219</ele>
        <time>2026-03-14T11:24:45.711Z</time>
      </trkpt>
      <trkpt lat="43.022464" lon="-1.000762">
        <ele>673.775257</ele>
        <time>2026-03-14T11:24:47.475Z</time>
      </trkpt>
      <trkpt lat="43.022427" lon="-1.000489">
        <ele>672.062872</ele>
        <time>2026-03-14T11:24:49.236Z</time>
      </trkpt>
      <trkpt lat="43.022236" lon="-1.000095">
        <ele>669.147250</ele>
        <time>2026-03-14T11:24:52.186Z</time>
      </trkpt>
      <trkpt lat="43.022007" lon="-0.999461">
        <ele>664.356607</ele>
        <time>2026-03-14T11:24:56.540Z</time>
      </trkpt>
      <trkpt lat="43.021966" lon="-0.999311">
        <ele>662.950009</ele>
        <time>2026-03-14T11:24:57.519Z</time>
      </trkpt>
      <trkpt lat="43.021879" lon="-0.998651">
        <ele>657.059406</ele>
        <time>2026-03-14T11:25:01.618Z</time>
      </trkpt>
      <trkpt lat="43.021812" lon="-0.998367">
        <ele>654.438222</ele>
        <time>2026-03-14T11:25:03.444Z</time>
      </trkpt>
      <trkpt lat="43.021378" lon="-0.997358">
        <ele>644.165290</ele>
        <time>2026-03-14T11:25:10.671Z</time>
      </trkpt>
      <trkpt lat="43.021184" lon="-0.996736">
        <ele>639.974253</ele>
        <time>2026-03-14T11:25:15.108Z</time>
      </trkpt>
      <trkpt lat="43.021029" lon="-0.996383">
        <ele>637.422250</ele>
        <time>2026-03-14T11:25:17.873Z</time>
      </trkpt>
      <trkpt lat="43.020716" lon="-0.995872">
        <ele>633.290672</ele>
        <time>2026-03-14T11:25:22.278Z</time>
      </trkpt>
      <trkpt lat="43.020600" lon="-0.995613">
        <ele>631.408228</ele>
        <time>2026-03-14T11:25:24.233Z</time>
      </trkpt>
      <trkpt lat="43.020523" lon="-0.995289">
        <ele>629.296761</ele>
        <time>2026-03-14T11:25:26.404Z</time>
      </trkpt>
      <trkpt lat="43.020529" lon="-0.995169">
        <ele>628.288351</ele>
        <time>2026-03-14T11:25:27.153Z</time>
      </trkpt>
      <trkpt lat="43.020603" lon="-0.994868">
        <ele>624.993771</ele>
        <time>2026-03-14T11:25:29.124Z</time>
      </trkpt>
      <trkpt lat="43.020738" lon="-0.994492">
        <ele>620.647922</ele>
        <time>2026-03-14T11:25:31.681Z</time>
      </trkpt>
      <trkpt lat="43.020799" lon="-0.993890">
        <ele>614.342735</ele>
        <time>2026-03-14T11:25:35.343Z</time>
      </trkpt>
      <trkpt lat="43.020972" lon="-0.993359">
        <ele>608.311617</ele>
        <time>2026-03-14T11:25:38.848Z</time>
      </trkpt>
      <trkpt lat="43.021019" lon="-0.993116">
        <ele>605.703879</ele>
        <time>2026-03-14T11:25:40.373Z</time>
      </trkpt>
      <trkpt lat="43.021071" lon="-0.992635">
        <ele>601.488829</ele>
        <time>2026-03-14T11:25:43.332Z</time>
      </trkpt>
      <trkpt lat="43.021170" lon="-0.992276">
        <ele>598.704874</ele>
        <time>2026-03-14T11:25:45.692Z</time>
      </trkpt>
      <trkpt lat="43.021226" lon="-0.992146">
        <ele>597.610072</ele>
        <time>2026-03-14T11:25:46.623Z</time>
      </trkpt>
      <trkpt lat="43.021758" lon="-0.991435">
        <ele>590.228375</ele>
        <time>2026-03-14T11:25:53.004Z</time>
      </trkpt>
      <trkpt lat="43.021882" lon="-0.991145">
        <ele>587.790780</ele>
        <time>2026-03-14T11:25:55.223Z</time>
      </trkpt>
      <trkpt lat="43.021983" lon="-0.991074">
        <ele>586.663785</ele>
        <time>2026-03-14T11:25:56.276Z</time>
      </trkpt>
      <trkpt lat="43.022051" lon="-0.991024">
        <ele>585.897595</ele>
        <time>2026-03-14T11:25:56.989Z</time>
      </trkpt>
      <trkpt lat="43.022485" lon="-0.990777">
        <ele>584.390556</ele>
        <time>2026-03-14T11:26:01.707Z</time>
      </trkpt>
      <trkpt lat="43.022565" lon="-0.990674">
        <ele>584.094469</ele>
        <time>2026-03-14T11:26:02.951Z</time>
      </trkpt>
      <trkpt lat="43.022647" lon="-0.990506">
        <ele>583.696471</ele>
        <time>2026-03-14T11:26:04.644Z</time>
      </trkpt>
      <trkpt lat="43.022939" lon="-0.989670">
        <ele>581.870992</ele>
        <time>2026-03-14T11:26:13.102Z</time>
      </trkpt>
      <trkpt lat="43.022962" lon="-0.989553">
        <ele>581.632283</ele>
        <time>2026-03-14T11:26:14.165Z</time>
      </trkpt>
      <trkpt lat="43.022951" lon="-0.989170">
        <ele>580.877088</ele>
        <time>2026-03-14T11:26:17.228Z</time>
      </trkpt>
      <trkpt lat="43.022979" lon="-0.989022">
        <ele>580.510195</ele>
        <time>2026-03-14T11:26:18.363Z</time>
      </trkpt>
      <trkpt lat="43.023119" lon="-0.988607">
        <ele>579.200638</ele>
        <time>2026-03-14T11:26:21.593Z</time>
      </trkpt>
      <trkpt lat="43.023220" lon="-0.988029">
        <ele>577.497890</ele>
        <time>2026-03-14T11:26:25.670Z</time>
      </trkpt>
      <trkpt lat="43.023411" lon="-0.987561">
        <ele>575.962177</ele>
        <time>2026-03-14T11:26:29.345Z</time>
      </trkpt>
      <trkpt lat="43.023556" lon="-0.987350">
        <ele>575.132458</ele>
        <time>2026-03-14T11:26:31.383Z</time>
      </trkpt>
      <trkpt lat="43.023630" lon="-0.987198">
        <ele>574.609218</ele>
        <time>2026-03-14T11:26:32.697Z</time>
      </trkpt>
      <trkpt lat="43.023643" lon="-0.987118">
        <ele>574.374407</ele>
        <time>2026-03-14T11:26:33.304Z</time>
      </trkpt>
      <trkpt lat="43.023643" lon="-0.987049">
        <ele>574.176709</ele>
        <time>2026-03-14T11:26:33.807Z</time>
      </trkpt>
      <trkpt lat="43.023594" lon="-0.986877">
        <ele>573.647478</ele>
        <time>2026-03-14T11:26:35.180Z</time>
      </trkpt>
      <trkpt lat="43.023118" lon="-0.986339">
        <ele>571.194466</ele>
        <time>2026-03-14T11:26:41.862Z</time>
      </trkpt>
      <trkpt lat="43.023047" lon="-0.986213">
        <ele>570.732436</ele>
        <time>2026-03-14T11:26:43.207Z</time>
      </trkpt>
      <trkpt lat="43.022974" lon="-0.985978">
        <ele>569.990863</ele>
        <time>2026-03-14T11:26:45.258Z</time>
      </trkpt>
      <trkpt lat="43.022941" lon="-0.985500">
        <ele>568.596419</ele>
        <time>2026-03-14T11:26:48.892Z</time>
      </trkpt>
      <trkpt lat="43.022956" lon="-0.985177">
        <ele>567.656431</ele>
        <time>2026-03-14T11:26:51.170Z</time>
      </trkpt>
      <trkpt lat="43.023008" lon="-0.984988">
        <ele>567.069928</ele>
        <time>2026-03-14T11:26:52.530Z</time>
      </trkpt>
      <trkpt lat="43.023324" lon="-0.984311">
        <ele>561.887334</ele>
        <time>2026-03-14T11:26:57.687Z</time>
      </trkpt>
      <trkpt lat="43.024381" lon="-0.982876">
        <ele>547.003885</ele>
        <time>2026-03-14T11:27:10.278Z</time>
      </trkpt>
      <trkpt lat="43.025170" lon="-0.981594">
        <ele>538.367584</ele>
        <time>2026-03-14T11:27:21.054Z</time>
      </trkpt>
      <trkpt lat="43.025248" lon="-0.981437">
        <ele>537.389331</ele>
        <time>2026-03-14T11:27:22.442Z</time>
      </trkpt>
      <trkpt lat="43.025322" lon="-0.981171">
        <ele>535.922603</ele>
        <time>2026-03-14T11:27:24.672Z</time>
      </trkpt>
      <trkpt lat="43.025400" lon="-0.980432">
        <ele>534.773768</ele>
        <time>2026-03-14T11:27:31.524Z</time>
      </trkpt>
      <trkpt lat="43.025414" lon="-0.979951">
        <ele>534.357756</ele>
        <time>2026-03-14T11:27:37.634Z</time>
      </trkpt>
      <trkpt lat="43.025461" lon="-0.979749">
        <ele>534.174558</ele>
        <time>2026-03-14T11:27:40.416Z</time>
      </trkpt>
      <trkpt lat="43.025594" lon="-0.979382">
        <ele>533.820564</ele>
        <time>2026-03-14T11:27:45.505Z</time>
      </trkpt>
      <trkpt lat="43.025724" lon="-0.979177">
        <ele>533.586037</ele>
        <time>2026-03-14T11:27:48.238Z</time>
      </trkpt>
      <trkpt lat="43.025996" lon="-0.978915">
        <ele>533.192774</ele>
        <time>2026-03-14T11:27:52.045Z</time>
      </trkpt>
      <trkpt lat="43.026345" lon="-0.978719">
        <ele>531.663285</ele>
        <time>2026-03-14T11:27:55.649Z</time>
      </trkpt>
      <trkpt lat="43.026503" lon="-0.978569">
        <ele>530.881790</ele>
        <time>2026-03-14T11:27:57.386Z</time>
      </trkpt>
      <trkpt lat="43.026875" lon="-0.978004">
        <ele>528.623079</ele>
        <time>2026-03-14T11:28:02.756Z</time>
      </trkpt>
      <trkpt lat="43.027073" lon="-0.977658">
        <ele>527.317827</ele>
        <time>2026-03-14T11:28:05.931Z</time>
      </trkpt>
      <trkpt lat="43.027191" lon="-0.977373">
        <ele>526.344881</ele>
        <time>2026-03-14T11:28:08.251Z</time>
      </trkpt>
      <trkpt lat="43.027216" lon="-0.977158">
        <ele>525.605693</ele>
        <time>2026-03-14T11:28:09.771Z</time>
      </trkpt>
      <trkpt lat="43.027177" lon="-0.976682">
        <ele>523.469365</ele>
        <time>2026-03-14T11:28:13.100Z</time>
      </trkpt>
      <trkpt lat="43.027183" lon="-0.976242">
        <ele>521.506553</ele>
        <time>2026-03-14T11:28:16.172Z</time>
      </trkpt>
      <trkpt lat="43.027168" lon="-0.976056">
        <ele>520.671930</ele>
        <time>2026-03-14T11:28:17.545Z</time>
      </trkpt>
      <trkpt lat="43.027073" lon="-0.975693">
        <ele>518.952267</ele>
        <time>2026-03-14T11:28:20.334Z</time>
      </trkpt>
      <trkpt lat="43.026814" lon="-0.975236">
        <ele>516.373171</ele>
        <time>2026-03-14T11:28:24.108Z</time>
      </trkpt>
      <trkpt lat="43.026673" lon="-0.975059">
        <ele>515.205567</ele>
        <time>2026-03-14T11:28:25.757Z</time>
      </trkpt>
      <trkpt lat="43.026218" lon="-0.974772">
        <ele>511.606536</ele>
        <time>2026-03-14T11:28:29.994Z</time>
      </trkpt>
      <trkpt lat="43.026089" lon="-0.974648">
        <ele>510.455675</ele>
        <time>2026-03-14T11:28:31.334Z</time>
      </trkpt>
      <trkpt lat="43.025930" lon="-0.974383">
        <ele>508.626289</ele>
        <time>2026-03-14T11:28:33.504Z</time>
      </trkpt>
      <trkpt lat="43.025769" lon="-0.973989">
        <ele>506.217669</ele>
        <time>2026-03-14T11:28:36.405Z</time>
      </trkpt>
      <trkpt lat="43.025537" lon="-0.973424">
        <ele>502.759663</ele>
        <time>2026-03-14T11:28:40.736Z</time>
      </trkpt>
      <trkpt lat="43.025357" lon="-0.972892">
        <ele>504.103525</ele>
        <time>2026-03-14T11:28:45.398Z</time>
      </trkpt>
      <trkpt lat="43.025269" lon="-0.972569">
        <ele>506.093209</ele>
        <time>2026-03-14T11:28:55.069Z</time>
      </trkpt>
      <trkpt lat="43.025244" lon="-0.972487">
        <ele>506.606040</ele>
        <time>2026-03-14T11:28:58.189Z</time>
      </trkpt>
      <trkpt lat="43.025101" lon="-0.971979">
        <ele>509.748193</ele>
        <time>2026-03-14T11:29:21.332Z</time>
      </trkpt>
      <trkpt lat="43.025036" lon="-0.971877">
        <ele>510.529245</ele>
        <time>2026-03-14T11:29:27.634Z</time>
      </trkpt>
      <trkpt lat="43.024938" lon="-0.971795">
        <ele>511.436313</ele>
        <time>2026-03-14T11:29:35.239Z</time>
      </trkpt>
      <trkpt lat="43.024537" lon="-0.971598">
        <ele>514.800511</ele>
        <time>2026-03-14T11:30:04.293Z</time>
      </trkpt>
      <trkpt lat="43.024372" lon="-0.971414">
        <ele>516.702831</ele>
        <time>2026-03-14T11:30:18.605Z</time>
      </trkpt>
      <trkpt lat="43.024223" lon="-0.971119">
        <ele>519.689153</ele>
        <time>2026-03-14T11:30:36.421Z</time>
      </trkpt>
      <trkpt lat="43.024052" lon="-0.970674">
        <ele>523.876234</ele>
        <time>2026-03-14T11:31:00.325Z</time>
      </trkpt>
      <trkpt lat="43.023867" lon="-0.970430">
        <ele>526.804021</ele>
        <time>2026-03-14T11:31:14.534Z</time>
      </trkpt>
      <trkpt lat="43.023473" lon="-0.969813">
        <ele>533.627204</ele>
        <time>2026-03-14T11:31:46.174Z</time>
      </trkpt>
      <trkpt lat="43.023354" lon="-0.969712">
        <ele>535.222694</ele>
        <time>2026-03-14T11:31:54.391Z</time>
      </trkpt>
      <trkpt lat="43.023007" lon="-0.969542">
        <ele>538.813776</ele>
        <time>2026-03-14T11:32:17.757Z</time>
      </trkpt>
      <trkpt lat="43.022851" lon="-0.969521">
        <ele>540.231429</ele>
        <time>2026-03-14T11:32:28.481Z</time>
      </trkpt>
      <trkpt lat="43.022650" lon="-0.969672">
        <ele>542.305361</ele>
        <time>2026-03-14T11:32:43.946Z</time>
      </trkpt>
      <trkpt lat="43.022461" lon="-0.969774">
        <ele>544.142879</ele>
        <time>2026-03-14T11:32:57.293Z</time>
      </trkpt>
      <trkpt lat="43.022191" lon="-0.969829">
        <ele>546.611643</ele>
        <time>2026-03-14T11:33:13.830Z</time>
      </trkpt>
      <trkpt lat="43.021877" lon="-0.970019">
        <ele>549.716869</ele>
        <time>2026-03-14T11:33:31.027Z</time>
      </trkpt>
      <trkpt lat="43.021812" lon="-0.969965">
        <ele>550.404652</ele>
        <time>2026-03-14T11:33:34.038Z</time>
      </trkpt>
      <trkpt lat="43.021801" lon="-0.969854">
        <ele>551.145283</ele>
        <time>2026-03-14T11:33:37.084Z</time>
      </trkpt>
      <trkpt lat="43.021925" lon="-0.969460">
        <ele>552.885790</ele>
        <time>2026-03-14T11:33:45.024Z</time>
      </trkpt>
      <trkpt lat="43.022173" lon="-0.969180">
        <ele>553.229180</ele>
        <time>2026-03-14T11:33:48.843Z</time>
      </trkpt>
      <trkpt lat="43.022513" lon="-0.968400">
        <ele>553.938141</ele>
        <time>2026-03-14T11:33:55.528Z</time>
      </trkpt>
      <trkpt lat="43.022537" lon="-0.968187">
        <ele>554.106392</ele>
        <time>2026-03-14T11:33:57.392Z</time>
      </trkpt>
      <trkpt lat="43.022522" lon="-0.967996">
        <ele>554.256361</ele>
        <time>2026-03-14T11:33:59.531Z</time>
      </trkpt>
      <trkpt lat="43.022465" lon="-0.967833">
        <ele>554.397421</ele>
        <time>2026-03-14T11:34:02.421Z</time>
      </trkpt>
      <trkpt lat="43.022391" lon="-0.967716">
        <ele>554.518200</ele>
        <time>2026-03-14T11:34:05.587Z</time>
      </trkpt>
      <trkpt lat="43.022301" lon="-0.967650">
        <ele>554.627247</ele>
        <time>2026-03-14T11:34:08.920Z</time>
      </trkpt>
      <trkpt lat="43.022046" lon="-0.967633">
        <ele>557.199703</ele>
        <time>2026-03-14T11:34:19.401Z</time>
      </trkpt>
      <trkpt lat="43.021575" lon="-0.967703">
        <ele>562.551664</ele>
        <time>2026-03-14T11:34:46.890Z</time>
      </trkpt>
      <trkpt lat="43.021313" lon="-0.967614">
        <ele>565.601252</ele>
        <time>2026-03-14T11:35:05.388Z</time>
      </trkpt>
      <trkpt lat="43.021176" lon="-0.967514">
        <ele>567.355450</ele>
        <time>2026-03-14T11:35:16.506Z</time>
      </trkpt>
      <trkpt lat="43.020758" lon="-0.966966">
        <ele>573.896111</ele>
        <time>2026-03-14T11:35:58.713Z</time>
      </trkpt>
      <trkpt lat="43.020448" lon="-0.966659">
        <ele>578.351182</ele>
        <time>2026-03-14T11:36:25.740Z</time>
      </trkpt>
      <trkpt lat="43.020170" lon="-0.966180">
        <ele>583.607303</ele>
        <time>2026-03-14T11:36:57.955Z</time>
      </trkpt>
      <trkpt lat="43.020094" lon="-0.966103">
        <ele>584.719102</ele>
        <time>2026-03-14T11:37:04.547Z</time>
      </trkpt>
      <trkpt lat="43.019834" lon="-0.965976">
        <ele>587.964512</ele>
        <time>2026-03-14T11:37:22.247Z</time>
      </trkpt>
      <trkpt lat="43.019739" lon="-0.965897">
        <ele>589.271459</ele>
        <time>2026-03-14T11:37:29.008Z</time>
      </trkpt>
      <trkpt lat="43.019521" lon="-0.965636">
        <ele>592.677172</ele>
        <time>2026-03-14T11:37:45.703Z</time>
      </trkpt>
      <trkpt lat="43.019440" lon="-0.965519">
        <ele>594.062010</ele>
        <time>2026-03-14T11:37:52.011Z</time>
      </trkpt>
      <trkpt lat="43.019328" lon="-0.965219">
        <ele>596.456970</ele>
        <time>2026-03-14T11:38:03.828Z</time>
      </trkpt>
      <trkpt lat="43.019185" lon="-0.964765">
        <ele>598.162519</ele>
        <time>2026-03-14T11:38:18.469Z</time>
      </trkpt>
      <trkpt lat="43.019171" lon="-0.964565">
        <ele>598.855707</ele>
        <time>2026-03-14T11:38:23.583Z</time>
      </trkpt>
      <trkpt lat="43.019248" lon="-0.964220">
        <ele>600.100239</ele>
        <time>2026-03-14T11:38:31.087Z</time>
      </trkpt>
      <trkpt lat="43.019544" lon="-0.963464">
        <ele>603.059023</ele>
        <time>2026-03-14T11:38:45.601Z</time>
      </trkpt>
      <trkpt lat="43.019594" lon="-0.963278">
        <ele>603.742751</ele>
        <time>2026-03-14T11:38:49.559Z</time>
      </trkpt>
      <trkpt lat="43.019607" lon="-0.962904">
        <ele>605.144504</ele>
        <time>2026-03-14T11:38:58.200Z</time>
      </trkpt>
      <trkpt lat="43.019531" lon="-0.962567">
        <ele>606.675851</ele>
        <time>2026-03-14T11:39:08.036Z</time>
      </trkpt>
      <trkpt lat="43.019440" lon="-0.962380">
        <ele>607.651257</ele>
        <time>2026-03-14T11:39:14.629Z</time>
      </trkpt>
      <trkpt lat="43.019195" lon="-0.962055">
        <ele>609.678265</ele>
        <time>2026-03-14T11:39:28.760Z</time>
      </trkpt>
      <trkpt lat="43.018982" lon="-0.961867">
        <ele>611.183816</ele>
        <time>2026-03-14T11:39:39.270Z</time>
      </trkpt>
      <trkpt lat="43.018890" lon="-0.961784">
        <ele>611.838368</ele>
        <time>2026-03-14T11:39:43.911Z</time>
      </trkpt>
      <trkpt lat="43.018862" lon="-0.961719">
        <ele>612.165959</ele>
        <time>2026-03-14T11:39:46.182Z</time>
      </trkpt>
      <trkpt lat="43.018854" lon="-0.961645">
        <ele>612.490778</ele>
        <time>2026-03-14T11:39:48.517Z</time>
      </trkpt>
      <trkpt lat="43.018953" lon="-0.961469">
        <ele>613.455017</ele>
        <time>2026-03-14T11:39:55.061Z</time>
      </trkpt>
      <trkpt lat="43.019521" lon="-0.960958">
        <ele>617.560987</ele>
        <time>2026-03-14T11:40:22.026Z</time>
      </trkpt>
      <trkpt lat="43.019635" lon="-0.960744">
        <ele>618.746362</ele>
        <time>2026-03-14T11:40:30.078Z</time>
      </trkpt>
      <trkpt lat="43.019670" lon="-0.960618">
        <ele>619.349782</ele>
        <time>2026-03-14T11:40:34.074Z</time>
      </trkpt>
      <trkpt lat="43.019683" lon="-0.960299">
        <ele>620.780104</ele>
        <time>2026-03-14T11:40:43.120Z</time>
      </trkpt>
      <trkpt lat="43.019539" lon="-0.959831">
        <ele>623.053239</ele>
        <time>2026-03-14T11:40:57.699Z</time>
      </trkpt>
      <trkpt lat="43.019273" lon="-0.959290">
        <ele>625.971949</ele>
        <time>2026-03-14T11:41:17.506Z</time>
      </trkpt>
      <trkpt lat="43.019076" lon="-0.958768">
        <ele>627.186217</ele>
        <time>2026-03-14T11:41:34.340Z</time>
      </trkpt>
      <trkpt lat="43.018885" lon="-0.957786">
        <ele>628.931435</ele>
        <time>2026-03-14T11:41:52.454Z</time>
      </trkpt>
      <trkpt lat="43.018868" lon="-0.957729">
        <ele>629.037163</ele>
        <time>2026-03-14T11:41:53.105Z</time>
      </trkpt>
      <trkpt lat="43.018831" lon="-0.957699">
        <ele>629.138203</ele>
        <time>2026-03-14T11:41:54.040Z</time>
      </trkpt>
      <trkpt lat="43.018844" lon="-0.957616">
        <ele>629.283988</ele>
        <time>2026-03-14T11:41:54.957Z</time>
      </trkpt>
      <trkpt lat="43.019040" lon="-0.957207">
        <ele>630.123879</ele>
        <time>2026-03-14T11:42:00.821Z</time>
      </trkpt>
      <trkpt lat="43.019085" lon="-0.957121">
        <ele>630.305511</ele>
        <time>2026-03-14T11:42:02.132Z</time>
      </trkpt>
      <trkpt lat="43.019275" lon="-0.956676">
        <ele>630.456839</ele>
        <time>2026-03-14T11:42:07.062Z</time>
      </trkpt>
      <trkpt lat="43.019326" lon="-0.956504">
        <ele>630.421388</ele>
        <time>2026-03-14T11:42:08.591Z</time>
      </trkpt>
      <trkpt lat="43.019345" lon="-0.956258">
        <ele>630.374141</ele>
        <time>2026-03-14T11:42:10.460Z</time>
      </trkpt>
      <trkpt lat="43.019269" lon="-0.955868">
        <ele>630.297051</ele>
        <time>2026-03-14T11:42:13.597Z</time>
      </trkpt>
      <trkpt lat="43.019255" lon="-0.955814">
        <ele>630.286108</ele>
        <time>2026-03-14T11:42:14.107Z</time>
      </trkpt>
      <trkpt lat="43.019186" lon="-0.955572">
        <ele>630.236496</ele>
        <time>2026-03-14T11:42:16.281Z</time>
      </trkpt>
      <trkpt lat="43.019028" lon="-0.955265">
        <ele>630.164789</ele>
        <time>2026-03-14T11:42:19.947Z</time>
      </trkpt>
      <trkpt lat="43.018869" lon="-0.955036">
        <ele>630.104470</ele>
        <time>2026-03-14T11:42:24.834Z</time>
      </trkpt>
      <trkpt lat="43.018719" lon="-0.954987">
        <ele>630.064182</ele>
        <time>2026-03-14T11:42:29.431Z</time>
      </trkpt>
      <trkpt lat="43.018470" lon="-0.954927">
        <ele>629.850413</ele>
        <time>2026-03-14T11:42:37.770Z</time>
      </trkpt>
      <trkpt lat="43.018258" lon="-0.954872">
        <ele>629.660304</ele>
        <time>2026-03-14T11:42:42.840Z</time>
      </trkpt>
      <trkpt lat="43.018046" lon="-0.954931">
        <ele>629.469697</ele>
        <time>2026-03-14T11:42:45.842Z</time>
      </trkpt>
      <trkpt lat="43.017931" lon="-0.954913">
        <ele>629.367717</ele>
        <time>2026-03-14T11:42:47.202Z</time>
      </trkpt>
      <trkpt lat="43.017669" lon="-0.954744">
        <ele>629.112504</ele>
        <time>2026-03-14T11:42:50.951Z</time>
      </trkpt>
      <trkpt lat="43.017640" lon="-0.954702">
        <ele>629.075292</ele>
        <time>2026-03-14T11:42:51.564Z</time>
      </trkpt>
      <trkpt lat="43.017621" lon="-0.954628">
        <ele>629.024770</ele>
        <time>2026-03-14T11:42:52.322Z</time>
      </trkpt>
      <trkpt lat="43.017645" lon="-0.954359">
        <ele>628.850205</ele>
        <time>2026-03-14T11:42:54.874Z</time>
      </trkpt>
      <trkpt lat="43.017670" lon="-0.954321">
        <ele>628.817276</ele>
        <time>2026-03-14T11:42:55.313Z</time>
      </trkpt>
      <trkpt lat="43.017932" lon="-0.954013">
        <ele>628.512899</ele>
        <time>2026-03-14T11:42:59.049Z</time>
      </trkpt>
      <trkpt lat="43.018044" lon="-0.953802">
        <ele>627.036686</ele>
        <time>2026-03-14T11:43:00.863Z</time>
      </trkpt>
      <trkpt lat="43.018077" lon="-0.953579">
        <ele>625.424152</ele>
        <time>2026-03-14T11:43:02.348Z</time>
      </trkpt>
      <trkpt lat="43.018061" lon="-0.953339">
        <ele>623.716123</ele>
        <time>2026-03-14T11:43:03.871Z</time>
      </trkpt>
      <trkpt lat="43.018009" lon="-0.953133">
        <ele>622.171555</ele>
        <time>2026-03-14T11:43:05.218Z</time>
      </trkpt>
      <trkpt lat="43.017623" lon="-0.952005">
        <ele>613.344648</ele>
        <time>2026-03-14T11:43:12.971Z</time>
      </trkpt>
      <trkpt lat="43.017553" lon="-0.951693">
        <ele>611.030271</ele>
        <time>2026-03-14T11:43:14.979Z</time>
      </trkpt>
      <trkpt lat="43.017618" lon="-0.951392">
        <ele>608.468686</ele>
        <time>2026-03-14T11:43:16.914Z</time>
      </trkpt>
      <trkpt lat="43.017745" lon="-0.951217">
        <ele>606.456257</ele>
        <time>2026-03-14T11:43:18.425Z</time>
      </trkpt>
      <trkpt lat="43.017849" lon="-0.951152">
        <ele>605.179845</ele>
        <time>2026-03-14T11:43:19.392Z</time>
      </trkpt>
      <trkpt lat="43.018129" lon="-0.951091">
        <ele>602.014827</ele>
        <time>2026-03-14T11:43:21.781Z</time>
      </trkpt>
      <trkpt lat="43.018325" lon="-0.951008">
        <ele>599.724427</ele>
        <time>2026-03-14T11:43:23.516Z</time>
      </trkpt>
      <trkpt lat="43.018453" lon="-0.950837">
        <ele>597.727077</ele>
        <time>2026-03-14T11:43:25.042Z</time>
      </trkpt>
      <trkpt lat="43.018506" lon="-0.950593">
        <ele>595.649624</ele>
        <time>2026-03-14T11:43:26.639Z</time>
      </trkpt>
      <trkpt lat="43.018503" lon="-0.950449">
        <ele>594.473880</ele>
        <time>2026-03-14T11:43:27.551Z</time>
      </trkpt>
      <trkpt lat="43.018426" lon="-0.950132">
        <ele>591.747613</ele>
        <time>2026-03-14T11:43:29.675Z</time>
      </trkpt>
      <trkpt lat="43.018313" lon="-0.949757">
        <ele>588.397292</ele>
        <time>2026-03-14T11:43:32.259Z</time>
      </trkpt>
      <trkpt lat="43.018204" lon="-0.949289">
        <ele>584.325079</ele>
        <time>2026-03-14T11:43:35.374Z</time>
      </trkpt>
      <trkpt lat="43.018152" lon="-0.948954">
        <ele>581.485750</ele>
        <time>2026-03-14T11:43:37.526Z</time>
      </trkpt>
      <trkpt lat="43.018175" lon="-0.948653">
        <ele>578.976620</ele>
        <time>2026-03-14T11:43:39.404Z</time>
      </trkpt>
      <trkpt lat="43.018452" lon="-0.947571">
        <ele>569.180949</ele>
        <time>2026-03-14T11:43:46.434Z</time>
      </trkpt>
      <trkpt lat="43.018700" lon="-0.946878">
        <ele>561.083222</ele>
        <time>2026-03-14T11:43:51.143Z</time>
      </trkpt>
      <trkpt lat="43.018711" lon="-0.946691">
        <ele>559.114271</ele>
        <time>2026-03-14T11:43:52.285Z</time>
      </trkpt>
      <trkpt lat="43.018528" lon="-0.945767">
        <ele>549.067159</ele>
        <time>2026-03-14T11:43:58.097Z</time>
      </trkpt>
      <trkpt lat="43.018512" lon="-0.945607">
        <ele>547.372282</ele>
        <time>2026-03-14T11:43:59.073Z</time>
      </trkpt>
      <trkpt lat="43.018531" lon="-0.945463">
        <ele>545.836550</ele>
        <time>2026-03-14T11:43:59.965Z</time>
      </trkpt>
      <trkpt lat="43.018586" lon="-0.945339">
        <ele>544.365474</ele>
        <time>2026-03-14T11:44:00.843Z</time>
      </trkpt>
      <trkpt lat="43.018667" lon="-0.945244">
        <ele>543.014619</ele>
        <time>2026-03-14T11:44:01.734Z</time>
      </trkpt>
      <trkpt lat="43.019215" lon="-0.945005">
        <ele>535.732745</ele>
        <time>2026-03-14T11:44:06.527Z</time>
      </trkpt>
      <trkpt lat="43.019275" lon="-0.944925">
        <ele>534.671936</ele>
        <time>2026-03-14T11:44:07.230Z</time>
      </trkpt>
      <trkpt lat="43.019351" lon="-0.944751">
        <ele>532.795864</ele>
        <time>2026-03-14T11:44:08.474Z</time>
      </trkpt>
      <trkpt lat="43.019387" lon="-0.944564">
        <ele>531.005983</ele>
        <time>2026-03-14T11:44:09.661Z</time>
      </trkpt>
      <trkpt lat="43.019393" lon="-0.944391">
        <ele>529.402885</ele>
        <time>2026-03-14T11:44:10.730Z</time>
      </trkpt>
      <trkpt lat="43.019366" lon="-0.944237">
        <ele>527.937041</ele>
        <time>2026-03-14T11:44:11.710Z</time>
      </trkpt>
      <trkpt lat="43.019306" lon="-0.944113">
        <ele>526.560694</ele>
        <time>2026-03-14T11:44:12.635Z</time>
      </trkpt>
      <trkpt lat="43.019082" lon="-0.943938">
        <ele>523.294832</ele>
        <time>2026-03-14T11:44:14.839Z</time>
      </trkpt>
      <trkpt lat="43.019005" lon="-0.943835">
        <ele>521.943091</ele>
        <time>2026-03-14T11:44:15.769Z</time>
      </trkpt>
      <trkpt lat="43.018954" lon="-0.943718">
        <ele>521.012958</ele>
        <time>2026-03-14T11:44:16.627Z</time>
      </trkpt>
      <trkpt lat="43.018924" lon="-0.943558">
        <ele>519.885064</ele>
        <time>2026-03-14T11:44:17.670Z</time>
      </trkpt>
      <trkpt lat="43.018859" lon="-0.942704">
        <ele>514.022118</ele>
        <time>2026-03-14T11:44:23.128Z</time>
      </trkpt>
      <trkpt lat="43.018890" lon="-0.942502">
        <ele>512.612728</ele>
        <time>2026-03-14T11:44:24.438Z</time>
      </trkpt>
      <trkpt lat="43.018971" lon="-0.942240">
        <ele>510.670324</ele>
        <time>2026-03-14T11:44:26.244Z</time>
      </trkpt>
      <trkpt lat="43.019003" lon="-0.941961">
        <ele>508.741911</ele>
        <time>2026-03-14T11:44:28.030Z</time>
      </trkpt>
      <trkpt lat="43.018839" lon="-0.941525">
        <ele>505.393840</ele>
        <time>2026-03-14T11:44:31.146Z</time>
      </trkpt>
      <trkpt lat="43.018808" lon="-0.941313">
        <ele>503.772812</ele>
        <time>2026-03-14T11:44:32.529Z</time>
      </trkpt>
      <trkpt lat="43.018830" lon="-0.941194">
        <ele>502.838398</ele>
        <time>2026-03-14T11:44:33.319Z</time>
      </trkpt>
      <trkpt lat="43.018909" lon="-0.941001">
        <ele>501.154576</ele>
        <time>2026-03-14T11:44:34.746Z</time>
      </trkpt>
      <trkpt lat="43.019368" lon="-0.940364">
        <ele>494.346098</ele>
        <time>2026-03-14T11:44:40.471Z</time>
      </trkpt>
      <trkpt lat="43.019436" lon="-0.940246">
        <ele>493.202328</ele>
        <time>2026-03-14T11:44:41.416Z</time>
      </trkpt>
      <trkpt lat="43.019483" lon="-0.940085">
        <ele>491.882621</ele>
        <time>2026-03-14T11:44:42.496Z</time>
      </trkpt>
      <trkpt lat="43.019500" lon="-0.939929">
        <ele>490.681946</ele>
        <time>2026-03-14T11:44:43.470Z</time>
      </trkpt>
      <trkpt lat="43.019495" lon="-0.939033">
        <ele>484.518718</ele>
        <time>2026-03-14T11:44:48.907Z</time>
      </trkpt>
      <trkpt lat="43.019407" lon="-0.938300">
        <ele>480.300626</ele>
        <time>2026-03-14T11:44:53.546Z</time>
      </trkpt>
      <trkpt lat="43.019366" lon="-0.938147">
        <ele>479.375293</ele>
        <time>2026-03-14T11:44:54.597Z</time>
      </trkpt>
      <trkpt lat="43.019245" lon="-0.937989">
        <ele>478.075993</ele>
        <time>2026-03-14T11:44:56.119Z</time>
      </trkpt>
      <trkpt lat="43.019166" lon="-0.937932">
        <ele>477.382273</ele>
        <time>2026-03-14T11:44:56.932Z</time>
      </trkpt>
      <trkpt lat="43.019038" lon="-0.937895">
        <ele>476.366157</ele>
        <time>2026-03-14T11:44:58.160Z</time>
      </trkpt>
      <trkpt lat="43.018483" lon="-0.937782">
        <ele>472.255134</ele>
        <time>2026-03-14T11:45:03.798Z</time>
      </trkpt>
      <trkpt lat="43.018409" lon="-0.937740">
        <ele>471.958420</ele>
        <time>2026-03-14T11:45:04.704Z</time>
      </trkpt>
      <trkpt lat="43.018363" lon="-0.937676">
        <ele>471.715413</ele>
        <time>2026-03-14T11:45:05.678Z</time>
      </trkpt>
      <trkpt lat="43.018343" lon="-0.937582">
        <ele>471.450329</ele>
        <time>2026-03-14T11:45:06.729Z</time>
      </trkpt>
      <trkpt lat="43.018357" lon="-0.937478">
        <ele>471.163993</ele>
        <time>2026-03-14T11:45:08.331Z</time>
      </trkpt>
      <trkpt lat="43.018405" lon="-0.937364">
        <ele>470.807786</ele>
        <time>2026-03-14T11:45:10.438Z</time>
      </trkpt>
      <trkpt lat="43.018555" lon="-0.937126">
        <ele>469.956967</ele>
        <time>2026-03-14T11:45:15.651Z</time>
      </trkpt>
      <trkpt lat="43.018589" lon="-0.936999">
        <ele>469.590760</ele>
        <time>2026-03-14T11:45:17.060Z</time>
      </trkpt>
      <trkpt lat="43.018584" lon="-0.936877">
        <ele>469.259901</ele>
        <time>2026-03-14T11:45:18.157Z</time>
      </trkpt>
      <trkpt lat="43.018406" lon="-0.936193">
        <ele>467.294009</ele>
        <time>2026-03-14T11:45:23.256Z</time>
      </trkpt>
      <trkpt lat="43.018381" lon="-0.935933">
        <ele>466.583941</ele>
        <time>2026-03-14T11:45:24.994Z</time>
      </trkpt>
      <trkpt lat="43.018558" lon="-0.933879">
        <ele>453.069179</ele>
        <time>2026-03-14T11:45:38.085Z</time>
      </trkpt>
      <trkpt lat="43.018625" lon="-0.933575">
        <ele>450.802225</ele>
        <time>2026-03-14T11:45:40.048Z</time>
      </trkpt>
      <trkpt lat="43.018859" lon="-0.932978">
        <ele>445.698909</ele>
        <time>2026-03-14T11:45:44.264Z</time>
      </trkpt>
      <trkpt lat="43.018909" lon="-0.932705">
        <ele>443.455139</ele>
        <time>2026-03-14T11:45:46.020Z</time>
      </trkpt>
      <trkpt lat="43.018858" lon="-0.932443">
        <ele>441.293553</ele>
        <time>2026-03-14T11:45:47.696Z</time>
      </trkpt>
      <trkpt lat="43.018486" lon="-0.931933">
        <ele>435.550064</ele>
        <time>2026-03-14T11:45:52.158Z</time>
      </trkpt>
      <trkpt lat="43.018391" lon="-0.931692">
        <ele>433.367184</ele>
        <time>2026-03-14T11:45:53.879Z</time>
      </trkpt>
      <trkpt lat="43.018398" lon="-0.931467">
        <ele>431.571712</ele>
        <time>2026-03-14T11:45:55.306Z</time>
      </trkpt>
      <trkpt lat="43.018549" lon="-0.931012">
        <ele>427.426369</ele>
        <time>2026-03-14T11:45:58.483Z</time>
      </trkpt>
      <trkpt lat="43.018564" lon="-0.930807">
        <ele>425.531904</ele>
        <time>2026-03-14T11:45:59.786Z</time>
      </trkpt>
      <trkpt lat="43.018516" lon="-0.930623">
        <ele>423.735484</ele>
        <time>2026-03-14T11:46:01.006Z</time>
      </trkpt>
      <trkpt lat="43.018249" lon="-0.930190">
        <ele>418.526888</ele>
        <time>2026-03-14T11:46:04.503Z</time>
      </trkpt>
      <trkpt lat="43.018188" lon="-0.929992">
        <ele>416.551162</ele>
        <time>2026-03-14T11:46:05.812Z</time>
      </trkpt>
      <trkpt lat="43.018171" lon="-0.929825">
        <ele>415.000715</ele>
        <time>2026-03-14T11:46:06.832Z</time>
      </trkpt>
      <trkpt lat="43.018220" lon="-0.929516">
        <ele>412.093269</ele>
        <time>2026-03-14T11:46:08.769Z</time>
      </trkpt>
      <trkpt lat="43.018456" lon="-0.929051">
        <ele>406.888194</ele>
        <time>2026-03-14T11:46:12.211Z</time>
      </trkpt>
      <trkpt lat="43.018526" lon="-0.928841">
        <ele>405.135693</ele>
        <time>2026-03-14T11:46:13.615Z</time>
      </trkpt>
      <trkpt lat="43.018541" lon="-0.928795">
        <ele>404.809078</ele>
        <time>2026-03-14T11:46:13.928Z</time>
      </trkpt>
      <trkpt lat="43.018595" lon="-0.928655">
        <ele>403.782645</ele>
        <time>2026-03-14T11:46:14.898Z</time>
      </trkpt>
      <trkpt lat="43.018614" lon="-0.928535">
        <ele>402.986455</ele>
        <time>2026-03-14T11:46:15.654Z</time>
      </trkpt>
      <trkpt lat="43.018550" lon="-0.928323">
        <ele>401.499141</ele>
        <time>2026-03-14T11:46:17.065Z</time>
      </trkpt>
      <trkpt lat="43.018348" lon="-0.927983">
        <ele>398.658225</ele>
        <time>2026-03-14T11:46:19.796Z</time>
      </trkpt>
      <trkpt lat="43.018301" lon="-0.927883">
        <ele>397.887334</ele>
        <time>2026-03-14T11:46:20.532Z</time>
      </trkpt>
      <trkpt lat="43.018299" lon="-0.927690">
        <ele>396.635675</ele>
        <time>2026-03-14T11:46:21.749Z</time>
      </trkpt>
      <trkpt lat="43.018367" lon="-0.927568">
        <ele>395.640879</ele>
        <time>2026-03-14T11:46:22.733Z</time>
      </trkpt>
      <trkpt lat="43.018437" lon="-0.927524">
        <ele>394.957606</ele>
        <time>2026-03-14T11:46:23.412Z</time>
      </trkpt>
      <trkpt lat="43.018690" lon="-0.927425">
        <ele>392.623657</ele>
        <time>2026-03-14T11:46:25.849Z</time>
      </trkpt>
      <trkpt lat="43.018845" lon="-0.927289">
        <ele>390.990363</ele>
        <time>2026-03-14T11:46:27.613Z</time>
      </trkpt>
      <trkpt lat="43.019046" lon="-0.927113">
        <ele>389.881825</ele>
        <time>2026-03-14T11:46:30.118Z</time>
      </trkpt>
      <trkpt lat="43.019178" lon="-0.926962">
        <ele>389.644389</ele>
        <time>2026-03-14T11:46:32.564Z</time>
      </trkpt>
      <trkpt lat="43.019228" lon="-0.926867">
        <ele>389.526305</ele>
        <time>2026-03-14T11:46:34.163Z</time>
      </trkpt>
      <trkpt lat="43.019266" lon="-0.926743">
        <ele>389.390671</ele>
        <time>2026-03-14T11:46:36.051Z</time>
      </trkpt>
      <trkpt lat="43.019326" lon="-0.925869">
        <ele>388.505109</ele>
        <time>2026-03-14T11:46:48.281Z</time>
      </trkpt>
      <trkpt lat="43.019363" lon="-0.925279">
        <ele>387.907737</ele>
        <time>2026-03-14T11:46:53.130Z</time>
      </trkpt>
      <trkpt lat="43.019379" lon="-0.925148">
        <ele>387.773754</ele>
        <time>2026-03-14T11:46:54.277Z</time>
      </trkpt>
      <trkpt lat="43.019476" lon="-0.924911">
        <ele>387.280443</ele>
        <time>2026-03-14T11:46:56.280Z</time>
      </trkpt>
      <trkpt lat="43.019566" lon="-0.924831">
        <ele>386.754979</ele>
        <time>2026-03-14T11:46:57.393Z</time>
      </trkpt>
      <trkpt lat="43.019686" lon="-0.924787">
        <ele>386.146777</ele>
        <time>2026-03-14T11:46:58.597Z</time>
      </trkpt>
      <trkpt lat="43.019808" lon="-0.924796">
        <ele>385.548659</ele>
        <time>2026-03-14T11:46:59.772Z</time>
      </trkpt>
      <trkpt lat="43.020559" lon="-0.925105">
        <ele>381.709398</ele>
        <time>2026-03-14T11:47:06.927Z</time>
      </trkpt>
      <trkpt lat="43.020896" lon="-0.925101">
        <ele>380.059554</ele>
        <time>2026-03-14T11:47:09.977Z</time>
      </trkpt>
      <trkpt lat="43.021278" lon="-0.924948">
        <ele>378.584289</ele>
        <time>2026-03-14T11:47:13.736Z</time>
      </trkpt>
      <trkpt lat="43.021434" lon="-0.924847">
        <ele>378.336608</ele>
        <time>2026-03-14T11:47:15.460Z</time>
      </trkpt>
      <trkpt lat="43.021574" lon="-0.924716">
        <ele>378.093188</ele>
        <time>2026-03-14T11:47:17.321Z</time>
      </trkpt>
      <trkpt lat="43.022093" lon="-0.923919">
        <ele>376.973407</ele>
        <time>2026-03-14T11:47:26.850Z</time>
      </trkpt>
      <trkpt lat="43.022315" lon="-0.923681">
        <ele>376.568631</ele>
        <time>2026-03-14T11:47:30.550Z</time>
      </trkpt>
      <trkpt lat="43.022427" lon="-0.923617">
        <ele>376.394444</ele>
        <time>2026-03-14T11:47:32.640Z</time>
      </trkpt>
      <trkpt lat="43.022572" lon="-0.923586">
        <ele>376.214991</ele>
        <time>2026-03-14T11:47:35.268Z</time>
      </trkpt>
      <trkpt lat="43.022805" lon="-0.923643">
        <ele>376.553577</ele>
        <time>2026-03-14T11:47:39.952Z</time>
      </trkpt>
      <trkpt lat="43.023133" lon="-0.923860">
        <ele>377.074767</ele>
        <time>2026-03-14T11:47:48.948Z</time>
      </trkpt>
      <trkpt lat="43.024113" lon="-0.924714">
        <ele>378.736930</ele>
        <time>2026-03-14T11:48:12.976Z</time>
      </trkpt>
      <trkpt lat="43.024247" lon="-0.924785">
        <ele>378.759776</ele>
        <time>2026-03-14T11:48:16.215Z</time>
      </trkpt>
      <trkpt lat="43.024367" lon="-0.924812">
        <ele>378.746948</ele>
        <time>2026-03-14T11:48:18.831Z</time>
      </trkpt>
      <trkpt lat="43.024522" lon="-0.924802">
        <ele>378.730580</ele>
        <time>2026-03-14T11:48:22.081Z</time>
      </trkpt>
      <trkpt lat="43.024862" lon="-0.924686">
        <ele>378.693618</ele>
        <time>2026-03-14T11:48:29.178Z</time>
      </trkpt>
      <trkpt lat="43.024976" lon="-0.924689">
        <ele>378.681590</ele>
        <time>2026-03-14T11:48:31.233Z</time>
      </trkpt>
      <trkpt lat="43.025078" lon="-0.924735">
        <ele>378.670262</ele>
        <time>2026-03-14T11:48:33.012Z</time>
      </trkpt>
      <trkpt lat="43.025492" lon="-0.925157">
        <ele>378.615801</ele>
        <time>2026-03-14T11:48:39.422Z</time>
      </trkpt>
      <trkpt lat="43.025813" lon="-0.925261">
        <ele>378.545929</ele>
        <time>2026-03-14T11:48:42.983Z</time>
      </trkpt>
      <trkpt lat="43.026046" lon="-0.925200">
        <ele>377.970731</ele>
        <time>2026-03-14T11:48:45.480Z</time>
      </trkpt>
      <trkpt lat="43.026437" lon="-0.924917">
        <ele>376.898164</ele>
        <time>2026-03-14T11:48:50.035Z</time>
      </trkpt>
      <trkpt lat="43.026534" lon="-0.924803">
        <ele>376.588090</ele>
        <time>2026-03-14T11:48:51.343Z</time>
      </trkpt>
      <trkpt lat="43.026729" lon="-0.924435">
        <ele>375.782473</ele>
        <time>2026-03-14T11:48:54.691Z</time>
      </trkpt>
      <trkpt lat="43.026813" lon="-0.924256">
        <ele>375.405449</ele>
        <time>2026-03-14T11:48:56.264Z</time>
      </trkpt>
      <trkpt lat="43.027025" lon="-0.923812">
        <ele>374.465462</ele>
        <time>2026-03-14T11:49:00.323Z</time>
      </trkpt>
      <trkpt lat="43.027667" lon="-0.922488">
        <ele>372.588432</ele>
        <time>2026-03-14T11:49:15.412Z</time>
      </trkpt>
      <trkpt lat="43.028061" lon="-0.921901">
        <ele>371.691626</ele>
        <time>2026-03-14T11:49:22.015Z</time>
      </trkpt>
      <trkpt lat="43.028465" lon="-0.921462">
        <ele>370.082205</ele>
        <time>2026-03-14T11:49:27.301Z</time>
      </trkpt>
      <trkpt lat="43.028649" lon="-0.921229">
        <ele>369.129582</ele>
        <time>2026-03-14T11:49:29.746Z</time>
      </trkpt>
      <trkpt lat="43.028985" lon="-0.920497">
        <ele>366.728981</ele>
        <time>2026-03-14T11:49:35.766Z</time>
      </trkpt>
      <trkpt lat="43.029338" lon="-0.919913">
        <ele>364.624334</ele>
        <time>2026-03-14T11:49:41.070Z</time>
      </trkpt>
      <trkpt lat="43.029468" lon="-0.919586">
        <ele>364.556052</ele>
        <time>2026-03-14T11:49:43.780Z</time>
      </trkpt>
      <trkpt lat="43.029589" lon="-0.919192">
        <ele>364.483462</ele>
        <time>2026-03-14T11:49:47.157Z</time>
      </trkpt>
      <trkpt lat="43.029712" lon="-0.918340">
        <ele>364.335949</ele>
        <time>2026-03-14T11:49:57.204Z</time>
      </trkpt>
      <trkpt lat="43.029682" lon="-0.916826">
        <ele>364.900413</ele>
        <time>2026-03-14T11:50:24.917Z</time>
      </trkpt>
      <trkpt lat="43.029712" lon="-0.916618">
        <ele>365.106317</ele>
        <time>2026-03-14T11:50:28.352Z</time>
      </trkpt>
      <trkpt lat="43.029765" lon="-0.916428">
        <ele>365.303824</ele>
        <time>2026-03-14T11:50:31.482Z</time>
      </trkpt>
      <trkpt lat="43.029832" lon="-0.916307">
        <ele>365.451247</ele>
        <time>2026-03-14T11:50:33.760Z</time>
      </trkpt>
      <trkpt lat="43.030272" lon="-0.915946">
        <ele>366.132902</ele>
        <time>2026-03-14T11:50:44.587Z</time>
      </trkpt>
      <trkpt lat="43.030406" lon="-0.915775">
        <ele>366.376367</ele>
        <time>2026-03-14T11:50:48.480Z</time>
      </trkpt>
      <trkpt lat="43.030496" lon="-0.915608">
        <ele>366.577869</ele>
        <time>2026-03-14T11:50:51.365Z</time>
      </trkpt>
      <trkpt lat="43.030571" lon="-0.915386">
        <ele>366.032731</ele>
        <time>2026-03-14T11:50:53.802Z</time>
      </trkpt>
      <trkpt lat="43.030604" lon="-0.915138">
        <ele>365.424888</ele>
        <time>2026-03-14T11:50:55.760Z</time>
      </trkpt>
      <trkpt lat="43.030541" lon="-0.914476">
        <ele>363.815098</ele>
        <time>2026-03-14T11:51:00.423Z</time>
      </trkpt>
      <trkpt lat="43.030551" lon="-0.914283">
        <ele>363.348539</ele>
        <time>2026-03-14T11:51:01.780Z</time>
      </trkpt>
      <trkpt lat="43.030606" lon="-0.914037">
        <ele>362.728219</ele>
        <time>2026-03-14T11:51:03.617Z</time>
      </trkpt>
      <trkpt lat="43.030699" lon="-0.913839">
        <ele>362.160704</ele>
        <time>2026-03-14T11:51:05.293Z</time>
      </trkpt>
      <trkpt lat="43.030782" lon="-0.913744">
        <ele>361.803715</ele>
        <time>2026-03-14T11:51:06.362Z</time>
      </trkpt>
      <trkpt lat="43.031014" lon="-0.913586">
        <ele>360.948813</ele>
        <time>2026-03-14T11:51:08.833Z</time>
      </trkpt>
      <trkpt lat="43.031220" lon="-0.913491">
        <ele>360.561249</ele>
        <time>2026-03-14T11:51:10.910Z</time>
      </trkpt>
      <trkpt lat="43.031362" lon="-0.913365">
        <ele>360.435158</ele>
        <time>2026-03-14T11:51:12.499Z</time>
      </trkpt>
      <trkpt lat="43.031471" lon="-0.913182">
        <ele>360.306608</ele>
        <time>2026-03-14T11:51:14.124Z</time>
      </trkpt>
      <trkpt lat="43.031571" lon="-0.912819">
        <ele>360.095359</ele>
        <time>2026-03-14T11:51:17.100Z</time>
      </trkpt>
      <trkpt lat="43.031627" lon="-0.912475">
        <ele>359.903440</ele>
        <time>2026-03-14T11:51:21.613Z</time>
      </trkpt>
      <trkpt lat="43.031688" lon="-0.912344">
        <ele>359.818858</ele>
        <time>2026-03-14T11:51:24.421Z</time>
      </trkpt>
      <trkpt lat="43.031979" lon="-0.912079">
        <ele>359.558430</ele>
        <time>2026-03-14T11:51:33.057Z</time>
      </trkpt>
      <trkpt lat="43.032392" lon="-0.911801">
        <ele>359.258316</ele>
        <time>2026-03-14T11:51:43.486Z</time>
      </trkpt>
      <trkpt lat="43.032678" lon="-0.911478">
        <ele>359.098041</ele>
        <time>2026-03-14T11:51:50.683Z</time>
      </trkpt>
      <trkpt lat="43.032776" lon="-0.911305">
        <ele>359.028901</ele>
        <time>2026-03-14T11:51:53.415Z</time>
      </trkpt>
      <trkpt lat="43.032839" lon="-0.911128">
        <ele>358.966710</ele>
        <time>2026-03-14T11:51:55.607Z</time>
      </trkpt>
      <trkpt lat="43.033159" lon="-0.910013">
        <ele>358.588310</ele>
        <time>2026-03-14T11:52:05.972Z</time>
      </trkpt>
      <trkpt lat="43.033319" lon="-0.909740">
        <ele>357.961901</ele>
        <time>2026-03-14T11:52:08.681Z</time>
      </trkpt>
      <trkpt lat="43.033506" lon="-0.909477">
        <ele>356.887000</ele>
        <time>2026-03-14T11:52:11.426Z</time>
      </trkpt>
      <trkpt lat="43.034762" lon="-0.907995">
        <ele>350.273404</ele>
        <time>2026-03-14T11:52:27.264Z</time>
      </trkpt>
      <trkpt lat="43.034908" lon="-0.907760">
        <ele>349.398077</ele>
        <time>2026-03-14T11:52:29.378Z</time>
      </trkpt>
      <trkpt lat="43.035069" lon="-0.907265">
        <ele>347.860409</ele>
        <time>2026-03-14T11:52:33.119Z</time>
      </trkpt>
      <trkpt lat="43.035293" lon="-0.906293">
        <ele>344.967923</ele>
        <time>2026-03-14T11:52:40.564Z</time>
      </trkpt>
      <trkpt lat="43.035362" lon="-0.905649">
        <ele>342.786171</ele>
        <time>2026-03-14T11:52:46.279Z</time>
      </trkpt>
      <trkpt lat="43.035392" lon="-0.905056">
        <ele>340.639155</ele>
        <time>2026-03-14T11:52:50.558Z</time>
      </trkpt>
      <trkpt lat="43.035457" lon="-0.904721">
        <ele>339.387243</ele>
        <time>2026-03-14T11:52:52.992Z</time>
      </trkpt>
      <trkpt lat="43.035532" lon="-0.904512">
        <ele>338.546274</ele>
        <time>2026-03-14T11:52:54.551Z</time>
      </trkpt>
      <trkpt lat="43.035665" lon="-0.904305">
        <ele>337.550801</ele>
        <time>2026-03-14T11:52:56.358Z</time>
      </trkpt>
      <trkpt lat="43.035800" lon="-0.904198">
        <ele>336.779825</ele>
        <time>2026-03-14T11:52:57.760Z</time>
      </trkpt>
      <trkpt lat="43.035950" lon="-0.904122">
        <ele>335.989391</ele>
        <time>2026-03-14T11:52:59.204Z</time>
      </trkpt>
      <trkpt lat="43.036717" lon="-0.903923">
        <ele>332.041904</ele>
        <time>2026-03-14T11:53:06.081Z</time>
      </trkpt>
      <trkpt lat="43.037399" lon="-0.903841">
        <ele>328.567516</ele>
        <time>2026-03-14T11:53:12.584Z</time>
      </trkpt>
      <trkpt lat="43.037600" lon="-0.903745">
        <ele>327.487103</ele>
        <time>2026-03-14T11:53:14.849Z</time>
      </trkpt>
      <trkpt lat="43.037737" lon="-0.903613">
        <ele>326.636747</ele>
        <time>2026-03-14T11:53:16.739Z</time>
      </trkpt>
      <trkpt lat="43.037861" lon="-0.903446">
        <ele>326.120852</ele>
        <time>2026-03-14T11:53:18.844Z</time>
      </trkpt>
      <trkpt lat="43.037966" lon="-0.903237">
        <ele>325.777994</ele>
        <time>2026-03-14T11:53:21.024Z</time>
      </trkpt>
      <trkpt lat="43.038053" lon="-0.902958">
        <ele>325.367922</ele>
        <time>2026-03-14T11:53:23.573Z</time>
      </trkpt>
      <trkpt lat="43.038077" lon="-0.902670">
        <ele>324.976052</ele>
        <time>2026-03-14T11:53:26.158Z</time>
      </trkpt>
      <trkpt lat="43.038080" lon="-0.902093">
        <ele>324.195986</ele>
        <time>2026-03-14T11:53:31.176Z</time>
      </trkpt>
      <trkpt lat="43.038022" lon="-0.901506">
        <ele>323.395203</ele>
        <time>2026-03-14T11:53:35.926Z</time>
      </trkpt>
      <trkpt lat="43.038009" lon="-0.901134">
        <ele>322.877173</ele>
        <time>2026-03-14T11:53:38.760Z</time>
      </trkpt>
      <trkpt lat="43.038066" lon="-0.900921">
        <ele>322.530985</ele>
        <time>2026-03-14T11:53:40.434Z</time>
      </trkpt>
      <trkpt lat="43.038133" lon="-0.900818">
        <ele>322.320545</ele>
        <time>2026-03-14T11:53:41.459Z</time>
      </trkpt>
      <trkpt lat="43.038250" lon="-0.900707">
        <ele>322.023245</ele>
        <time>2026-03-14T11:53:42.928Z</time>
      </trkpt>
      <trkpt lat="43.038564" lon="-0.900404">
        <ele>321.220902</ele>
        <time>2026-03-14T11:53:47.087Z</time>
      </trkpt>
      <trkpt lat="43.038671" lon="-0.900243">
        <ele>320.888790</ele>
        <time>2026-03-14T11:53:48.867Z</time>
      </trkpt>
      <trkpt lat="43.038761" lon="-0.900024">
        <ele>320.505342</ele>
        <time>2026-03-14T11:53:50.852Z</time>
      </trkpt>
      <trkpt lat="43.038805" lon="-0.899810">
        <ele>320.166059</ele>
        <time>2026-03-14T11:53:52.585Z</time>
      </trkpt>
      <trkpt lat="43.038838" lon="-0.899465">
        <ele>319.635033</ele>
        <time>2026-03-14T11:53:55.382Z</time>
      </trkpt>
      <trkpt lat="43.038914" lon="-0.899214">
        <ele>319.237566</ele>
        <time>2026-03-14T11:53:57.678Z</time>
      </trkpt>
      <trkpt lat="43.039024" lon="-0.899035">
        <ele>319.096751</ele>
        <time>2026-03-14T11:53:59.692Z</time>
      </trkpt>
      <trkpt lat="43.039154" lon="-0.898915">
        <ele>318.967558</ele>
        <time>2026-03-14T11:54:01.585Z</time>
      </trkpt>
      <trkpt lat="43.039282" lon="-0.898849">
        <ele>318.854867</ele>
        <time>2026-03-14T11:54:03.355Z</time>
      </trkpt>
      <trkpt lat="43.039413" lon="-0.898851">
        <ele>318.746939</ele>
        <time>2026-03-14T11:54:05.238Z</time>
      </trkpt>
      <trkpt lat="43.039727" lon="-0.898932">
        <ele>318.483698</ele>
        <time>2026-03-14T11:54:09.833Z</time>
      </trkpt>
      <trkpt lat="43.039913" lon="-0.898875">
        <ele>318.326669</ele>
        <time>2026-03-14T11:54:12.460Z</time>
      </trkpt>
      <trkpt lat="43.040072" lon="-0.898785">
        <ele>318.184913</ele>
        <time>2026-03-14T11:54:14.755Z</time>
      </trkpt>
      <trkpt lat="43.040336" lon="-0.898591">
        <ele>317.938038</ele>
        <time>2026-03-14T11:54:18.665Z</time>
      </trkpt>
      <trkpt lat="43.040416" lon="-0.898498">
        <ele>317.851555</ele>
        <time>2026-03-14T11:54:20.022Z</time>
      </trkpt>
      <trkpt lat="43.040636" lon="-0.898033">
        <ele>317.111394</ele>
        <time>2026-03-14T11:54:24.825Z</time>
      </trkpt>
      <trkpt lat="43.040736" lon="-0.897882">
        <ele>316.788300</ele>
        <time>2026-03-14T11:54:26.498Z</time>
      </trkpt>
      <trkpt lat="43.041148" lon="-0.897583">
        <ele>315.776533</ele>
        <time>2026-03-14T11:54:31.580Z</time>
      </trkpt>
      <trkpt lat="43.041310" lon="-0.897373">
        <ele>315.292395</ele>
        <time>2026-03-14T11:54:33.928Z</time>
      </trkpt>
      <trkpt lat="43.041536" lon="-0.896961">
        <ele>314.475611</ele>
        <time>2026-03-14T11:54:37.828Z</time>
      </trkpt>
      <trkpt lat="43.041933" lon="-0.896051">
        <ele>312.561151</ele>
        <time>2026-03-14T11:54:45.759Z</time>
      </trkpt>
      <trkpt lat="43.042412" lon="-0.895241">
        <ele>310.547549</ele>
        <time>2026-03-14T11:54:53.696Z</time>
      </trkpt>
      <trkpt lat="43.043066" lon="-0.894029">
        <ele>308.500737</ele>
        <time>2026-03-14T11:55:05.517Z</time>
      </trkpt>
      <trkpt lat="43.043266" lon="-0.893767">
        <ele>308.198424</ele>
        <time>2026-03-14T11:55:08.773Z</time>
      </trkpt>
      <trkpt lat="43.043483" lon="-0.893626">
        <ele>307.936137</ele>
        <time>2026-03-14T11:55:11.627Z</time>
      </trkpt>
      <trkpt lat="43.043942" lon="-0.893527">
        <ele>307.428795</ele>
        <time>2026-03-14T11:55:17.505Z</time>
      </trkpt>
      <trkpt lat="43.044080" lon="-0.893452">
        <ele>307.266671</ele>
        <time>2026-03-14T11:55:19.634Z</time>
      </trkpt>
      <trkpt lat="43.044227" lon="-0.893322">
        <ele>307.223500</ele>
        <time>2026-03-14T11:55:22.405Z</time>
      </trkpt>
      <trkpt lat="43.044428" lon="-0.893011">
        <ele>307.597709</ele>
        <time>2026-03-14T11:55:28.251Z</time>
      </trkpt>
      <trkpt lat="43.044496" lon="-0.892786">
        <ele>307.817168</ele>
        <time>2026-03-14T11:55:32.297Z</time>
      </trkpt>
      <trkpt lat="43.044663" lon="-0.890670">
        <ele>309.365872</ele>
        <time>2026-03-14T11:56:05.061Z</time>
      </trkpt>
      <trkpt lat="43.044725" lon="-0.890425">
        <ele>309.367459</ele>
        <time>2026-03-14T11:56:08.547Z</time>
      </trkpt>
      <trkpt lat="43.044819" lon="-0.890224">
        <ele>309.368919</ele>
        <time>2026-03-14T11:56:11.574Z</time>
      </trkpt>
      <trkpt lat="43.044958" lon="-0.890098">
        <ele>309.370316</ele>
        <time>2026-03-14T11:56:14.317Z</time>
      </trkpt>
      <trkpt lat="43.045155" lon="-0.889971">
        <ele>309.372139</ele>
        <time>2026-03-14T11:56:17.649Z</time>
      </trkpt>
      <trkpt lat="43.046697" lon="-0.889635">
        <ele>306.889996</ele>
        <time>2026-03-14T11:56:36.234Z</time>
      </trkpt>
      <trkpt lat="43.046863" lon="-0.889523">
        <ele>306.323442</ele>
        <time>2026-03-14T11:56:38.150Z</time>
      </trkpt>
      <trkpt lat="43.047007" lon="-0.889362">
        <ele>305.754215</ele>
        <time>2026-03-14T11:56:40.037Z</time>
      </trkpt>
      <trkpt lat="43.047683" lon="-0.887705">
        <ele>299.449264</ele>
        <time>2026-03-14T11:56:52.940Z</time>
      </trkpt>
      <trkpt lat="43.047986" lon="-0.887156">
        <ele>296.569108</ele>
        <time>2026-03-14T11:56:57.449Z</time>
      </trkpt>
      <trkpt lat="43.048054" lon="-0.886994">
        <ele>295.786997</ele>
        <time>2026-03-14T11:56:58.688Z</time>
      </trkpt>
      <trkpt lat="43.048073" lon="-0.886823">
        <ele>295.062897</ele>
        <time>2026-03-14T11:56:59.842Z</time>
      </trkpt>
      <trkpt lat="43.048037" lon="-0.886417">
        <ele>293.614292</ele>
        <time>2026-03-14T11:57:02.617Z</time>
      </trkpt>
      <trkpt lat="43.048054" lon="-0.886293">
        <ele>293.724538</ele>
        <time>2026-03-14T11:57:03.484Z</time>
      </trkpt>
      <trkpt lat="43.048113" lon="-0.886169">
        <ele>293.853837</ele>
        <time>2026-03-14T11:57:04.495Z</time>
      </trkpt>
      <trkpt lat="43.048367" lon="-0.886025">
        <ele>294.182594</ele>
        <time>2026-03-14T11:57:07.197Z</time>
      </trkpt>
      <trkpt lat="43.048962" lon="-0.885718">
        <ele>294.942965</ele>
        <time>2026-03-14T11:57:17.185Z</time>
      </trkpt>
      <trkpt lat="43.049007" lon="-0.885668">
        <ele>295.012278</ele>
        <time>2026-03-14T11:57:18.712Z</time>
      </trkpt>
      <trkpt lat="43.049070" lon="-0.885490">
        <ele>295.185102</ele>
        <time>2026-03-14T11:57:23.282Z</time>
      </trkpt>
      <trkpt lat="43.049078" lon="-0.885025">
        <ele>295.591542</ele>
        <time>2026-03-14T11:57:36.773Z</time>
      </trkpt>
      <trkpt lat="43.049090" lon="-0.884899">
        <ele>295.702574</ele>
        <time>2026-03-14T11:57:41.331Z</time>
      </trkpt>
      <trkpt lat="43.049147" lon="-0.884811">
        <ele>296.367215</ele>
        <time>2026-03-14T11:57:45.522Z</time>
      </trkpt>
      <trkpt lat="43.049484" lon="-0.884543">
        <ele>299.885319</ele>
        <time>2026-03-14T11:58:07.836Z</time>
      </trkpt>
      <trkpt lat="43.049638" lon="-0.884314">
        <ele>301.938018</ele>
        <time>2026-03-14T11:58:21.364Z</time>
      </trkpt>
      <trkpt lat="43.049706" lon="-0.884138">
        <ele>303.251156</ele>
        <time>2026-03-14T11:58:30.768Z</time>
      </trkpt>
      <trkpt lat="43.049937" lon="-0.883190">
        <ele>309.842468</ele>
        <time>2026-03-14T11:59:15.120Z</time>
      </trkpt>
      <trkpt lat="43.050007" lon="-0.883026">
        <ele>311.095186</ele>
        <time>2026-03-14T11:59:20.229Z</time>
      </trkpt>
      <trkpt lat="43.050189" lon="-0.882549">
        <ele>311.569711</ele>
        <time>2026-03-14T11:59:33.390Z</time>
      </trkpt>
      <trkpt lat="43.050178" lon="-0.882422">
        <ele>311.449205</ele>
        <time>2026-03-14T11:59:35.194Z</time>
      </trkpt>
      <trkpt lat="43.050158" lon="-0.882407">
        <ele>311.419796</ele>
        <time>2026-03-14T11:59:36.141Z</time>
      </trkpt>
      <trkpt lat="43.050139" lon="-0.882344">
        <ele>311.355576</ele>
        <time>2026-03-14T11:59:37.486Z</time>
      </trkpt>
      <trkpt lat="43.050143" lon="-0.882321">
        <ele>311.333298</ele>
        <time>2026-03-14T11:59:37.770Z</time>
      </trkpt>
      <trkpt lat="43.050172" lon="-0.882279">
        <ele>311.278850</ele>
        <time>2026-03-14T11:59:38.209Z</time>
      </trkpt>
      <trkpt lat="43.050281" lon="-0.882114">
        <ele>311.069262</ele>
        <time>2026-03-14T11:59:40.741Z</time>
      </trkpt>
      <trkpt lat="43.050416" lon="-0.882008">
        <ele>310.868566</ele>
        <time>2026-03-14T11:59:42.518Z</time>
      </trkpt>
      <trkpt lat="43.050562" lon="-0.881881">
        <ele>310.645491</ele>
        <time>2026-03-14T11:59:44.330Z</time>
      </trkpt>
      <trkpt lat="43.050722" lon="-0.881801">
        <ele>310.425838</ele>
        <time>2026-03-14T11:59:46.089Z</time>
      </trkpt>
      <trkpt lat="43.051289" lon="-0.881611">
        <ele>309.673116</ele>
        <time>2026-03-14T11:59:51.238Z</time>
      </trkpt>
      <trkpt lat="43.051533" lon="-0.881565">
        <ele>308.734574</ele>
        <time>2026-03-14T11:59:53.583Z</time>
      </trkpt>
      <trkpt lat="43.051884" lon="-0.881554">
        <ele>307.275265</ele>
        <time>2026-03-14T11:59:57.031Z</time>
      </trkpt>
      <trkpt lat="43.052057" lon="-0.881508">
        <ele>306.542745</ele>
        <time>2026-03-14T11:59:58.717Z</time>
      </trkpt>
      <trkpt lat="43.052890" lon="-0.881110">
        <ele>302.875434</ele>
        <time>2026-03-14T12:00:07.380Z</time>
      </trkpt>
      <trkpt lat="43.053205" lon="-0.881015">
        <ele>301.959136</ele>
        <time>2026-03-14T12:00:10.802Z</time>
      </trkpt>
      <trkpt lat="43.053547" lon="-0.880979">
        <ele>301.503077</ele>
        <time>2026-03-14T12:00:14.501Z</time>
      </trkpt>
      <trkpt lat="43.053983" lon="-0.881043">
        <ele>300.920056</ele>
        <time>2026-03-14T12:00:19.290Z</time>
      </trkpt>
      <trkpt lat="43.054302" lon="-0.880982">
        <ele>300.491800</ele>
        <time>2026-03-14T12:00:23.013Z</time>
      </trkpt>
      <trkpt lat="43.054487" lon="-0.880977">
        <ele>300.245781</ele>
        <time>2026-03-14T12:00:25.315Z</time>
      </trkpt>
      <trkpt lat="43.054922" lon="-0.881045">
        <ele>300.073357</ele>
        <time>2026-03-14T12:00:31.664Z</time>
      </trkpt>
      <trkpt lat="43.055141" lon="-0.881044">
        <ele>300.933027</ele>
        <time>2026-03-14T12:00:36.041Z</time>
      </trkpt>
      <trkpt lat="43.055429" lon="-0.880937">
        <ele>302.104464</ele>
        <time>2026-03-14T12:00:43.825Z</time>
      </trkpt>
      <trkpt lat="43.055793" lon="-0.880626">
        <ele>303.788902</ele>
        <time>2026-03-14T12:00:58.490Z</time>
      </trkpt>
      <trkpt lat="43.055925" lon="-0.880419">
        <ele>304.576936</ele>
        <time>2026-03-14T12:01:06.437Z</time>
      </trkpt>
      <trkpt lat="43.056258" lon="-0.879621">
        <ele>306.592882</ele>
        <time>2026-03-14T12:01:35.610Z</time>
      </trkpt>
      <trkpt lat="43.056400" lon="-0.879400">
        <ele>306.078016</ele>
        <time>2026-03-14T12:01:43.740Z</time>
      </trkpt>
      <trkpt lat="43.056956" lon="-0.878662">
        <ele>304.223501</ele>
        <time>2026-03-14T12:01:52.559Z</time>
      </trkpt>
      <trkpt lat="43.057208" lon="-0.878451">
        <ele>303.516167</ele>
        <time>2026-03-14T12:01:55.186Z</time>
      </trkpt>
      <trkpt lat="43.057380" lon="-0.878360">
        <ele>303.074640</ele>
        <time>2026-03-14T12:01:56.795Z</time>
      </trkpt>
      <trkpt lat="43.057856" lon="-0.878281">
        <ele>301.293688</ele>
        <time>2026-03-14T12:02:00.959Z</time>
      </trkpt>
      <trkpt lat="43.058039" lon="-0.878213">
        <ele>300.356383</ele>
        <time>2026-03-14T12:02:02.585Z</time>
      </trkpt>
      <trkpt lat="43.059351" lon="-0.876813">
        <ele>292.801342</ele>
        <time>2026-03-14T12:02:19.257Z</time>
      </trkpt>
      <trkpt lat="43.059603" lon="-0.876615">
        <ele>292.005983</ele>
        <time>2026-03-14T12:02:22.382Z</time>
      </trkpt>
      <trkpt lat="43.059752" lon="-0.876587">
        <ele>291.594313</ele>
        <time>2026-03-14T12:02:23.958Z</time>
      </trkpt>
      <trkpt lat="43.060061" lon="-0.876655">
        <ele>290.737653</ele>
        <time>2026-03-14T12:02:27.179Z</time>
      </trkpt>
      <trkpt lat="43.060414" lon="-0.876781">
        <ele>289.739101</ele>
        <time>2026-03-14T12:02:30.938Z</time>
      </trkpt>
      <trkpt lat="43.060840" lon="-0.877120">
        <ele>288.695521</ele>
        <time>2026-03-14T12:02:35.792Z</time>
      </trkpt>
      <trkpt lat="43.061358" lon="-0.877434">
        <ele>288.637740</ele>
        <time>2026-03-14T12:02:45.142Z</time>
      </trkpt>
      <trkpt lat="43.061655" lon="-0.877464">
        <ele>288.607367</ele>
        <time>2026-03-14T12:02:52.371Z</time>
      </trkpt>
      <trkpt lat="43.062102" lon="-0.877442">
        <ele>288.561747</ele>
        <time>2026-03-14T12:03:02.747Z</time>
      </trkpt>
      <trkpt lat="43.062246" lon="-0.877408">
        <ele>288.546844</ele>
        <time>2026-03-14T12:03:05.378Z</time>
      </trkpt>
      <trkpt lat="43.062552" lon="-0.877270">
        <ele>288.141776</ele>
        <time>2026-03-14T12:03:09.532Z</time>
      </trkpt>
      <trkpt lat="43.062696" lon="-0.877165">
        <ele>287.499846</ele>
        <time>2026-03-14T12:03:11.215Z</time>
      </trkpt>
      <trkpt lat="43.063040" lon="-0.876835">
        <ele>285.847106</ele>
        <time>2026-03-14T12:03:15.207Z</time>
      </trkpt>
      <trkpt lat="43.063114" lon="-0.876669">
        <ele>285.288137</ele>
        <time>2026-03-14T12:03:16.503Z</time>
      </trkpt>
      <trkpt lat="43.063206" lon="-0.876310">
        <ele>284.194566</ele>
        <time>2026-03-14T12:03:19.020Z</time>
      </trkpt>
      <trkpt lat="43.063312" lon="-0.876192">
        <ele>283.657006</ele>
        <time>2026-03-14T12:03:20.268Z</time>
      </trkpt>
      <trkpt lat="43.063489" lon="-0.876146">
        <ele>282.948180</ele>
        <time>2026-03-14T12:03:21.932Z</time>
      </trkpt>
      <trkpt lat="43.063619" lon="-0.876186">
        <ele>282.423948</ele>
        <time>2026-03-14T12:03:23.181Z</time>
      </trkpt>
      <trkpt lat="43.063927" lon="-0.876605">
        <ele>281.066218</ele>
        <time>2026-03-14T12:03:27.556Z</time>
      </trkpt>
      <trkpt lat="43.064051" lon="-0.876681">
        <ele>280.787856</ele>
        <time>2026-03-14T12:03:29.145Z</time>
      </trkpt>
      <trkpt lat="43.064143" lon="-0.876681">
        <ele>280.599364</ele>
        <time>2026-03-14T12:03:30.275Z</time>
      </trkpt>
      <trkpt lat="43.064315" lon="-0.876587">
        <ele>280.219915</ele>
        <time>2026-03-14T12:03:32.924Z</time>
      </trkpt>
      <trkpt lat="43.064876" lon="-0.876162">
        <ele>278.906220</ele>
        <time>2026-03-14T12:03:42.591Z</time>
      </trkpt>
      <trkpt lat="43.064995" lon="-0.876110">
        <ele>278.650287</ele>
        <time>2026-03-14T12:03:44.035Z</time>
      </trkpt>
      <trkpt lat="43.065313" lon="-0.876093">
        <ele>277.998264</ele>
        <time>2026-03-14T12:03:47.441Z</time>
      </trkpt>
      <trkpt lat="43.065912" lon="-0.876118">
        <ele>275.004376</ele>
        <time>2026-03-14T12:03:53.112Z</time>
      </trkpt>
      <trkpt lat="43.066089" lon="-0.876152">
        <ele>273.986112</ele>
        <time>2026-03-14T12:03:54.710Z</time>
      </trkpt>
      <trkpt lat="43.066525" lon="-0.876385">
        <ele>271.319592</ele>
        <time>2026-03-14T12:03:58.853Z</time>
      </trkpt>
      <trkpt lat="43.066577" lon="-0.876403">
        <ele>271.014017</ele>
        <time>2026-03-14T12:03:59.333Z</time>
      </trkpt>
      <trkpt lat="43.066655" lon="-0.876436">
        <ele>270.548904</ele>
        <time>2026-03-14T12:04:00.065Z</time>
      </trkpt>
      <trkpt lat="43.066671" lon="-0.876442">
        <ele>270.454391</ele>
        <time>2026-03-14T12:04:00.216Z</time>
      </trkpt>
      <trkpt lat="43.066871" lon="-0.876523">
        <ele>269.266148</ele>
        <time>2026-03-14T12:04:02.115Z</time>
      </trkpt>
      <trkpt lat="43.066901" lon="-0.876535">
        <ele>269.088088</ele>
        <time>2026-03-14T12:04:02.409Z</time>
      </trkpt>
      <trkpt lat="43.067058" lon="-0.876577">
        <ele>268.176725</ele>
        <time>2026-03-14T12:04:03.886Z</time>
      </trkpt>
      <trkpt lat="43.067396" lon="-0.876565">
        <ele>266.915084</ele>
        <time>2026-03-14T12:04:07.140Z</time>
      </trkpt>
      <trkpt lat="43.067707" lon="-0.876474">
        <ele>266.055343</ele>
        <time>2026-03-14T12:04:10.266Z</time>
      </trkpt>
      <trkpt lat="43.068010" lon="-0.876361">
        <ele>265.206366</ele>
        <time>2026-03-14T12:04:13.409Z</time>
      </trkpt>
      <trkpt lat="43.068316" lon="-0.876316">
        <ele>264.374375</ele>
        <time>2026-03-14T12:04:16.686Z</time>
      </trkpt>
      <trkpt lat="43.068680" lon="-0.876233">
        <ele>263.376791</ele>
        <time>2026-03-14T12:04:21.020Z</time>
      </trkpt>
      <trkpt lat="43.068826" lon="-0.876189">
        <ele>262.972647</ele>
        <time>2026-03-14T12:04:22.880Z</time>
      </trkpt>
      <trkpt lat="43.068907" lon="-0.876161">
        <ele>262.746800</ele>
        <time>2026-03-14T12:04:23.951Z</time>
      </trkpt>
      <trkpt lat="43.069210" lon="-0.875980">
        <ele>262.360682</ele>
        <time>2026-03-14T12:04:28.799Z</time>
      </trkpt>
      <trkpt lat="43.069864" lon="-0.875496">
        <ele>261.626453</ele>
        <time>2026-03-14T12:04:39.873Z</time>
      </trkpt>
      <trkpt lat="43.070080" lon="-0.875389">
        <ele>261.399597</ele>
        <time>2026-03-14T12:04:42.633Z</time>
      </trkpt>
      <trkpt lat="43.070272" lon="-0.875331">
        <ele>261.205418</ele>
        <time>2026-03-14T12:04:44.853Z</time>
      </trkpt>
      <trkpt lat="43.070414" lon="-0.875324">
        <ele>261.065090</ele>
        <time>2026-03-14T12:04:46.390Z</time>
      </trkpt>
      <trkpt lat="43.070557" lon="-0.875340">
        <ele>260.923395</ele>
        <time>2026-03-14T12:04:47.892Z</time>
      </trkpt>
      <trkpt lat="43.070806" lon="-0.875427">
        <ele>260.785225</ele>
        <time>2026-03-14T12:04:50.559Z</time>
      </trkpt>
      <trkpt lat="43.071055" lon="-0.875609">
        <ele>260.662215</ele>
        <time>2026-03-14T12:04:53.508Z</time>
      </trkpt>
      <trkpt lat="43.071308" lon="-0.875946">
        <ele>260.508380</ele>
        <time>2026-03-14T12:04:57.344Z</time>
      </trkpt>
      <trkpt lat="43.071444" lon="-0.876096">
        <ele>260.432270</ele>
        <time>2026-03-14T12:04:59.435Z</time>
      </trkpt>
      <trkpt lat="43.071548" lon="-0.876156">
        <ele>260.383088</ele>
        <time>2026-03-14T12:05:00.947Z</time>
      </trkpt>
      <trkpt lat="43.071866" lon="-0.876215">
        <ele>260.243241</ele>
        <time>2026-03-14T12:05:06.658Z</time>
      </trkpt>
      <trkpt lat="43.072265" lon="-0.876194">
        <ele>260.138693</ele>
        <time>2026-03-14T12:05:16.694Z</time>
      </trkpt>
      <trkpt lat="43.072831" lon="-0.875984">
        <ele>260.639057</ele>
        <time>2026-03-14T12:05:33.198Z</time>
      </trkpt>
      <trkpt lat="43.073013" lon="-0.875896">
        <ele>260.803750</ele>
        <time>2026-03-14T12:05:37.760Z</time>
      </trkpt>
      <trkpt lat="43.073466" lon="-0.875433">
        <ele>261.286117</ele>
        <time>2026-03-14T12:05:47.416Z</time>
      </trkpt>
      <trkpt lat="43.074222" lon="-0.875079">
        <ele>261.521167</ele>
        <time>2026-03-14T12:05:56.211Z</time>
      </trkpt>
      <trkpt lat="43.074588" lon="-0.874997">
        <ele>261.422417</ele>
        <time>2026-03-14T12:06:00.129Z</time>
      </trkpt>
      <trkpt lat="43.074714" lon="-0.874930">
        <ele>261.386426</ele>
        <time>2026-03-14T12:06:01.551Z</time>
      </trkpt>
      <trkpt lat="43.074955" lon="-0.874643">
        <ele>261.301374</ele>
        <time>2026-03-14T12:06:05.461Z</time>
      </trkpt>
      <trkpt lat="43.075138" lon="-0.874348">
        <ele>261.226099</ele>
        <time>2026-03-14T12:06:11.270Z</time>
      </trkpt>
      <trkpt lat="43.075548" lon="-0.873948">
        <ele>261.573653</ele>
        <time>2026-03-14T12:06:25.389Z</time>
      </trkpt>
      <trkpt lat="43.075893" lon="-0.873596">
        <ele>262.436571</ele>
        <time>2026-03-14T12:06:38.088Z</time>
      </trkpt>
      <trkpt lat="43.076207" lon="-0.873205">
        <ele>263.287830</ele>
        <time>2026-03-14T12:06:50.683Z</time>
      </trkpt>
      <trkpt lat="43.076597" lon="-0.872743">
        <ele>264.322143</ele>
        <time>2026-03-14T12:07:02.090Z</time>
      </trkpt>
      <trkpt lat="43.076782" lon="-0.872579">
        <ele>264.737040</ele>
        <time>2026-03-14T12:07:05.688Z</time>
      </trkpt>
      <trkpt lat="43.077285" lon="-0.872237">
        <ele>262.254046</ele>
        <time>2026-03-14T12:07:11.614Z</time>
      </trkpt>
      <trkpt lat="43.077421" lon="-0.872083">
        <ele>261.473751</ele>
        <time>2026-03-14T12:07:13.261Z</time>
      </trkpt>
      <trkpt lat="43.077739" lon="-0.871521">
        <ele>259.178004</ele>
        <time>2026-03-14T12:07:17.975Z</time>
      </trkpt>
      <trkpt lat="43.077849" lon="-0.871286">
        <ele>258.276654</ele>
        <time>2026-03-14T12:07:19.801Z</time>
      </trkpt>
      <trkpt lat="43.077976" lon="-0.871099">
        <ele>257.452068</ele>
        <time>2026-03-14T12:07:21.476Z</time>
      </trkpt>
      <trkpt lat="43.078148" lon="-0.870935">
        <ele>256.643271</ele>
        <time>2026-03-14T12:07:23.400Z</time>
      </trkpt>
      <trkpt lat="43.078267" lon="-0.870904">
        <ele>256.334634</ele>
        <time>2026-03-14T12:07:24.535Z</time>
      </trkpt>
      <trkpt lat="43.078289" lon="-0.870907">
        <ele>256.278303</ele>
        <time>2026-03-14T12:07:24.744Z</time>
      </trkpt>
      <trkpt lat="43.078379" lon="-0.870918">
        <ele>256.048082</ele>
        <time>2026-03-14T12:07:25.607Z</time>
      </trkpt>
      <trkpt lat="43.078977" lon="-0.871104">
        <ele>254.485626</ele>
        <time>2026-03-14T12:07:31.680Z</time>
      </trkpt>
      <trkpt lat="43.079349" lon="-0.871104">
        <ele>253.537816</ele>
        <time>2026-03-14T12:07:36.276Z</time>
      </trkpt>
      <trkpt lat="43.079793" lon="-0.871065">
        <ele>252.404233</ele>
        <time>2026-03-14T12:07:42.934Z</time>
      </trkpt>
      <trkpt lat="43.079942" lon="-0.871115">
        <ele>252.091051</ele>
        <time>2026-03-14T12:07:45.233Z</time>
      </trkpt>
      <trkpt lat="43.080560" lon="-0.871452">
        <ele>251.030640</ele>
        <time>2026-03-14T12:07:54.805Z</time>
      </trkpt>
      <trkpt lat="43.080775" lon="-0.871483">
        <ele>250.686016</ele>
        <time>2026-03-14T12:07:57.258Z</time>
      </trkpt>
      <trkpt lat="43.081125" lon="-0.871447">
        <ele>250.126513</ele>
        <time>2026-03-14T12:08:00.858Z</time>
      </trkpt>
      <trkpt lat="43.081504" lon="-0.871488">
        <ele>249.520470</ele>
        <time>2026-03-14T12:08:04.698Z</time>
      </trkpt>
      <trkpt lat="43.082371" lon="-0.871580">
        <ele>248.777560</ele>
        <time>2026-03-14T12:08:13.835Z</time>
      </trkpt>
      <trkpt lat="43.082919" lon="-0.871722">
        <ele>248.357513</ele>
        <time>2026-03-14T12:08:21.709Z</time>
      </trkpt>
      <trkpt lat="43.083109" lon="-0.871718">
        <ele>248.214400</ele>
        <time>2026-03-14T12:08:25.077Z</time>
      </trkpt>
      <trkpt lat="43.083772" lon="-0.871609">
        <ele>249.012183</ele>
        <time>2026-03-14T12:08:39.456Z</time>
      </trkpt>
      <trkpt lat="43.084352" lon="-0.871613">
        <ele>250.551042</ele>
        <time>2026-03-14T12:08:54.949Z</time>
      </trkpt>
      <trkpt lat="43.084917" lon="-0.871535">
        <ele>252.057684</ele>
        <time>2026-03-14T12:09:10.930Z</time>
      </trkpt>
      <trkpt lat="43.085812" lon="-0.871505">
        <ele>254.233649</ele>
        <time>2026-03-14T12:09:35.108Z</time>
      </trkpt>
      <trkpt lat="43.086198" lon="-0.871443">
        <ele>255.141108</ele>
        <time>2026-03-14T12:09:45.143Z</time>
      </trkpt>
      <trkpt lat="43.087401" lon="-0.870931">
        <ele>257.132153</ele>
        <time>2026-03-14T12:10:11.812Z</time>
      </trkpt>
      <trkpt lat="43.088782" lon="-0.870404">
        <ele>257.204381</ele>
        <time>2026-03-14T12:10:34.453Z</time>
      </trkpt>
      <trkpt lat="43.089359" lon="-0.870089">
        <ele>255.103564</ele>
        <time>2026-03-14T12:10:40.942Z</time>
      </trkpt>
      <trkpt lat="43.089958" lon="-0.869729">
        <ele>252.891180</ele>
        <time>2026-03-14T12:10:47.184Z</time>
      </trkpt>
      <trkpt lat="43.092566" lon="-0.867917">
        <ele>240.305423</ele>
        <time>2026-03-14T12:11:14.932Z</time>
      </trkpt>
      <trkpt lat="43.093784" lon="-0.867202">
        <ele>236.034168</ele>
        <time>2026-03-14T12:11:28.601Z</time>
      </trkpt>
      <trkpt lat="43.093983" lon="-0.867093">
        <ele>235.687785</ele>
        <time>2026-03-14T12:11:30.933Z</time>
      </trkpt>
      <trkpt lat="43.094874" lon="-0.866540">
        <ele>234.106821</ele>
        <time>2026-03-14T12:11:42.051Z</time>
      </trkpt>
      <trkpt lat="43.095219" lon="-0.866205">
        <ele>233.487298</ele>
        <time>2026-03-14T12:11:47.730Z</time>
      </trkpt>
      <trkpt lat="43.095393" lon="-0.865985">
        <ele>233.370250</ele>
        <time>2026-03-14T12:11:50.932Z</time>
      </trkpt>
      <trkpt lat="43.095731" lon="-0.865408">
        <ele>233.103280</ele>
        <time>2026-03-14T12:11:57.998Z</time>
      </trkpt>
      <trkpt lat="43.096602" lon="-0.863629">
        <ele>233.973865</ele>
        <time>2026-03-14T12:12:18.885Z</time>
      </trkpt>
      <trkpt lat="43.096854" lon="-0.863160">
        <ele>234.929657</ele>
        <time>2026-03-14T12:12:28.343Z</time>
      </trkpt>
      <trkpt lat="43.097075" lon="-0.862889">
        <ele>235.596495</ele>
        <time>2026-03-14T12:12:36.489Z</time>
      </trkpt>
      <trkpt lat="43.097374" lon="-0.862657">
        <ele>236.369007</ele>
        <time>2026-03-14T12:12:47.576Z</time>
      </trkpt>
      <trkpt lat="43.097304" lon="-0.862440">
        <ele>236.965693</ele>
        <time>2026-03-14T12:12:53.828Z</time>
      </trkpt>
      <trkpt lat="43.097161" lon="-0.861966">
        <ele>239.775222</ele>
        <time>2026-03-14T12:13:08.484Z</time>
      </trkpt>
      <trkpt lat="43.097120" lon="-0.861177">
        <ele>244.108401</ele>
        <time>2026-03-14T12:13:34.144Z</time>
      </trkpt>
      <trkpt lat="43.097156" lon="-0.860836">
        <ele>245.995869</ele>
        <time>2026-03-14T12:13:46.118Z</time>
      </trkpt>
      <trkpt lat="43.097204" lon="-0.860640">
        <ele>247.128361</ele>
        <time>2026-03-14T12:13:53.574Z</time>
      </trkpt>
      <trkpt lat="43.097511" lon="-0.859858">
        <ele>252.198580</ele>
        <time>2026-03-14T12:14:27.822Z</time>
      </trkpt>
      <trkpt lat="43.097684" lon="-0.859646">
        <ele>254.136835</ele>
        <time>2026-03-14T12:14:40.048Z</time>
      </trkpt>
      <trkpt lat="43.097830" lon="-0.859580">
        <ele>255.420520</ele>
        <time>2026-03-14T12:14:48.071Z</time>
      </trkpt>
      <trkpt lat="43.098058" lon="-0.859568">
        <ele>257.325557</ele>
        <time>2026-03-14T12:14:59.896Z</time>
      </trkpt>
      <trkpt lat="43.098466" lon="-0.859690">
        <ele>260.812308</ele>
        <time>2026-03-14T12:15:20.821Z</time>
      </trkpt>
      <trkpt lat="43.098588" lon="-0.859715">
        <ele>261.842257</ele>
        <time>2026-03-14T12:15:26.771Z</time>
      </trkpt>
      <trkpt lat="43.098901" lon="-0.859624">
        <ele>264.513813</ele>
        <time>2026-03-14T12:15:41.832Z</time>
      </trkpt>
      <trkpt lat="43.099218" lon="-0.859485">
        <ele>265.374599</ele>
        <time>2026-03-14T12:15:55.851Z</time>
      </trkpt>
      <trkpt lat="43.099482" lon="-0.859134">
        <ele>265.656238</ele>
        <time>2026-03-14T12:16:05.840Z</time>
      </trkpt>
      <trkpt lat="43.099868" lon="-0.858559">
        <ele>266.092789</ele>
        <time>2026-03-14T12:16:14.683Z</time>
      </trkpt>
      <trkpt lat="43.099923" lon="-0.858465">
        <ele>266.160112</ele>
        <time>2026-03-14T12:16:15.699Z</time>
      </trkpt>
      <trkpt lat="43.100112" lon="-0.858203">
        <ele>266.365956</ele>
        <time>2026-03-14T12:16:18.581Z</time>
      </trkpt>
      <trkpt lat="43.100391" lon="-0.857489">
        <ele>264.620000</ele>
        <time>2026-03-14T12:16:24.300Z</time>
      </trkpt>
      <trkpt lat="43.100756" lon="-0.856874">
        <ele>261.329037</ele>
        <time>2026-03-14T12:16:29.530Z</time>
      </trkpt>
      <trkpt lat="43.100879" lon="-0.856613">
        <ele>260.039119</ele>
        <time>2026-03-14T12:16:31.568Z</time>
      </trkpt>
      <trkpt lat="43.101162" lon="-0.855567">
        <ele>255.347681</ele>
        <time>2026-03-14T12:16:39.069Z</time>
      </trkpt>
      <trkpt lat="43.101232" lon="-0.855231">
        <ele>253.803240</ele>
        <time>2026-03-14T12:16:41.406Z</time>
      </trkpt>
      <trkpt lat="43.101275" lon="-0.855026">
        <ele>252.860462</ele>
        <time>2026-03-14T12:16:42.819Z</time>
      </trkpt>
      <trkpt lat="43.101273" lon="-0.854925">
        <ele>252.413864</ele>
        <time>2026-03-14T12:16:43.489Z</time>
      </trkpt>
      <trkpt lat="43.101247" lon="-0.854834">
        <ele>251.981932</ele>
        <time>2026-03-14T12:16:44.131Z</time>
      </trkpt>
      <trkpt lat="43.101128" lon="-0.854657">
        <ele>250.918415</ele>
        <time>2026-03-14T12:16:45.727Z</time>
      </trkpt>
      <trkpt lat="43.101091" lon="-0.854511">
        <ele>250.235307</ele>
        <time>2026-03-14T12:16:46.759Z</time>
      </trkpt>
      <trkpt lat="43.101197" lon="-0.854205">
        <ele>248.738240</ele>
        <time>2026-03-14T12:16:48.995Z</time>
      </trkpt>
      <trkpt lat="43.101188" lon="-0.853911">
        <ele>247.437577</ele>
        <time>2026-03-14T12:16:50.958Z</time>
      </trkpt>
      <trkpt lat="43.101189" lon="-0.853889">
        <ele>247.340146</ele>
        <time>2026-03-14T12:16:51.102Z</time>
      </trkpt>
      <trkpt lat="43.101183" lon="-0.853664">
        <ele>246.344950</ele>
        <time>2026-03-14T12:16:52.656Z</time>
      </trkpt>
      <trkpt lat="43.101174" lon="-0.853455">
        <ele>245.428084</ele>
        <time>2026-03-14T12:16:54.099Z</time>
      </trkpt>
      <trkpt lat="43.101098" lon="-0.853118">
        <ele>244.513334</ele>
        <time>2026-03-14T12:16:56.494Z</time>
      </trkpt>
      <trkpt lat="43.101101" lon="-0.852855">
        <ele>243.831160</ele>
        <time>2026-03-14T12:16:58.241Z</time>
      </trkpt>
      <trkpt lat="43.101131" lon="-0.852705">
        <ele>243.427804</ele>
        <time>2026-03-14T12:16:59.302Z</time>
      </trkpt>
      <trkpt lat="43.101171" lon="-0.852605">
        <ele>243.132086</ele>
        <time>2026-03-14T12:17:00.089Z</time>
      </trkpt>
      <trkpt lat="43.101500" lon="-0.852271">
        <ele>241.677436</ele>
        <time>2026-03-14T12:17:04.075Z</time>
      </trkpt>
      <trkpt lat="43.101589" lon="-0.852127">
        <ele>241.188139</ele>
        <time>2026-03-14T12:17:05.531Z</time>
      </trkpt>
      <trkpt lat="43.101636" lon="-0.851988">
        <ele>240.790866</ele>
        <time>2026-03-14T12:17:06.731Z</time>
      </trkpt>
      <trkpt lat="43.101833" lon="-0.850910">
        <ele>238.962095</ele>
        <time>2026-03-14T12:17:16.312Z</time>
      </trkpt>
      <trkpt lat="43.101884" lon="-0.850751">
        <ele>238.926886</ele>
        <time>2026-03-14T12:17:17.993Z</time>
      </trkpt>
      <trkpt lat="43.101968" lon="-0.850605">
        <ele>238.889200</ele>
        <time>2026-03-14T12:17:19.891Z</time>
      </trkpt>
      <trkpt lat="43.102052" lon="-0.850513">
        <ele>238.859335</ele>
        <time>2026-03-14T12:17:21.536Z</time>
      </trkpt>
      <trkpt lat="43.101953" lon="-0.850219">
        <ele>238.793696</ele>
        <time>2026-03-14T12:17:24.993Z</time>
      </trkpt>
      <trkpt lat="43.101875" lon="-0.849774">
        <ele>238.700913</ele>
        <time>2026-03-14T12:17:29.766Z</time>
      </trkpt>
      <trkpt lat="43.101683" lon="-0.848342">
        <ele>238.942209</ele>
        <time>2026-03-14T12:17:47.034Z</time>
      </trkpt>
      <trkpt lat="43.101570" lon="-0.847430">
        <ele>239.442646</ele>
        <time>2026-03-14T12:17:59.943Z</time>
      </trkpt>
      <trkpt lat="43.101376" lon="-0.845842">
        <ele>240.197719</ele>
        <time>2026-03-14T12:18:21.455Z</time>
      </trkpt>
      <trkpt lat="43.101345" lon="-0.845213">
        <ele>240.446590</ele>
        <time>2026-03-14T12:18:28.686Z</time>
      </trkpt>
      <trkpt lat="43.101338" lon="-0.844707">
        <ele>240.646376</ele>
        <time>2026-03-14T12:18:34.480Z</time>
      </trkpt>
      <trkpt lat="43.101382" lon="-0.843264">
        <ele>241.629259</ele>
        <time>2026-03-14T12:18:52.565Z</time>
      </trkpt>
      <trkpt lat="43.101360" lon="-0.842888">
        <ele>241.949175</ele>
        <time>2026-03-14T12:18:57.979Z</time>
      </trkpt>
      <trkpt lat="43.101107" lon="-0.841471">
        <ele>243.120676</ele>
        <time>2026-03-14T12:19:20.881Z</time>
      </trkpt>
      <trkpt lat="43.101051" lon="-0.840951">
        <ele>243.444424</ele>
        <time>2026-03-14T12:19:28.854Z</time>
      </trkpt>
      <trkpt lat="43.101096" lon="-0.840291">
        <ele>243.852705</ele>
        <time>2026-03-14T12:19:37.728Z</time>
      </trkpt>
      <trkpt lat="43.101239" lon="-0.839513">
        <ele>244.346847</ele>
        <time>2026-03-14T12:19:47.216Z</time>
      </trkpt>
      <trkpt lat="43.101259" lon="-0.839295">
        <ele>244.477677</ele>
        <time>2026-03-14T12:19:49.605Z</time>
      </trkpt>
      <trkpt lat="43.101284" lon="-0.838643">
        <ele>244.782108</ele>
        <time>2026-03-14T12:19:56.372Z</time>
      </trkpt>
      <trkpt lat="43.101148" lon="-0.837312">
        <ele>245.408769</ele>
        <time>2026-03-14T12:20:13.148Z</time>
      </trkpt>
      <trkpt lat="43.100789" lon="-0.834011">
        <ele>248.287854</ele>
        <time>2026-03-14T12:21:04.683Z</time>
      </trkpt>
      <trkpt lat="43.100529" lon="-0.831864">
        <ele>248.938875</ele>
        <time>2026-03-14T12:21:26.743Z</time>
      </trkpt>
      <trkpt lat="43.100435" lon="-0.831386">
        <ele>249.889864</ele>
        <time>2026-03-14T12:21:32.024Z</time>
      </trkpt>
      <trkpt lat="43.100110" lon="-0.829618">
        <ele>253.401941</ele>
        <time>2026-03-14T12:22:08.445Z</time>
      </trkpt>
      <trkpt lat="43.099892" lon="-0.828411">
        <ele>258.030532</ele>
        <time>2026-03-14T12:22:46.634Z</time>
      </trkpt>
      <trkpt lat="43.099856" lon="-0.828139">
        <ele>259.059579</ele>
        <time>2026-03-14T12:22:54.935Z</time>
      </trkpt>
      <trkpt lat="43.099859" lon="-0.827796">
        <ele>260.336523</ele>
        <time>2026-03-14T12:23:04.635Z</time>
      </trkpt>
      <trkpt lat="43.099881" lon="-0.827581">
        <ele>261.144704</ele>
        <time>2026-03-14T12:23:10.025Z</time>
      </trkpt>
      <trkpt lat="43.099979" lon="-0.827244">
        <ele>262.495053</ele>
        <time>2026-03-14T12:23:17.755Z</time>
      </trkpt>
      <trkpt lat="43.100208" lon="-0.826658">
        <ele>262.721204</ele>
        <time>2026-03-14T12:23:27.930Z</time>
      </trkpt>
      <trkpt lat="43.100274" lon="-0.826384">
        <ele>262.796364</ele>
        <time>2026-03-14T12:23:31.180Z</time>
      </trkpt>
      <trkpt lat="43.100276" lon="-0.825976">
        <ele>262.902650</ele>
        <time>2026-03-14T12:23:35.170Z</time>
      </trkpt>
      <trkpt lat="43.100233" lon="-0.825686">
        <ele>262.979737</ele>
        <time>2026-03-14T12:23:37.869Z</time>
      </trkpt>
      <trkpt lat="43.100150" lon="-0.825392">
        <ele>263.061849</ele>
        <time>2026-03-14T12:23:40.680Z</time>
      </trkpt>
      <trkpt lat="43.099966" lon="-0.824996">
        <ele>263.184123</ele>
        <time>2026-03-14T12:23:44.812Z</time>
      </trkpt>
      <trkpt lat="43.099809" lon="-0.824659">
        <ele>263.322931</ele>
        <time>2026-03-14T12:23:48.322Z</time>
      </trkpt>
      <trkpt lat="43.099377" lon="-0.823469">
        <ele>263.796141</ele>
        <time>2026-03-14T12:24:02.824Z</time>
      </trkpt>
      <trkpt lat="43.098570" lon="-0.821227">
        <ele>266.632369</ele>
        <time>2026-03-14T12:24:45.528Z</time>
      </trkpt>
      <trkpt lat="43.098298" lon="-0.820447">
        <ele>267.604970</ele>
        <time>2026-03-14T12:25:01.407Z</time>
      </trkpt>
      <trkpt lat="43.098183" lon="-0.820117">
        <ele>267.272793</ele>
        <time>2026-03-14T12:25:06.434Z</time>
      </trkpt>
      <trkpt lat="43.097970" lon="-0.819507">
        <ele>266.658541</ele>
        <time>2026-03-14T12:25:12.992Z</time>
      </trkpt>
      <trkpt lat="43.097957" lon="-0.819248">
        <ele>266.422699</ele>
        <time>2026-03-14T12:25:15.103Z</time>
      </trkpt>
      <trkpt lat="43.098168" lon="-0.818155">
        <ele>265.555922</ele>
        <time>2026-03-14T12:25:23.456Z</time>
      </trkpt>
      <trkpt lat="43.098227" lon="-0.817881">
        <ele>265.764373</ele>
        <time>2026-03-14T12:25:25.445Z</time>
      </trkpt>
      <trkpt lat="43.098273" lon="-0.817653">
        <ele>265.936980</ele>
        <time>2026-03-14T12:25:27.138Z</time>
      </trkpt>
      <trkpt lat="43.098386" lon="-0.817291">
        <ele>266.224258</ele>
        <time>2026-03-14T12:25:30.148Z</time>
      </trkpt>
      <trkpt lat="43.098573" lon="-0.816958">
        <ele>266.530800</ele>
        <time>2026-03-14T12:25:33.938Z</time>
      </trkpt>
      <trkpt lat="43.098585" lon="-0.816937">
        <ele>266.550258</ele>
        <time>2026-03-14T12:25:34.238Z</time>
      </trkpt>
      <trkpt lat="43.098679" lon="-0.816782">
        <ele>266.697285</ele>
        <time>2026-03-14T12:25:36.865Z</time>
      </trkpt>
      <trkpt lat="43.099342" lon="-0.815718">
        <ele>271.064474</ele>
        <time>2026-03-14T12:26:20.131Z</time>
      </trkpt>
      <trkpt lat="43.099461" lon="-0.815575">
        <ele>272.437118</ele>
        <time>2026-03-14T12:26:29.875Z</time>
      </trkpt>
      <trkpt lat="43.099592" lon="-0.815481">
        <ele>273.719393</ele>
        <time>2026-03-14T12:26:39.119Z</time>
      </trkpt>
      <trkpt lat="43.100291" lon="-0.815203">
        <ele>280.030363</ele>
        <time>2026-03-14T12:27:22.409Z</time>
      </trkpt>
      <trkpt lat="43.100382" lon="-0.815149">
        <ele>280.890245</ele>
        <time>2026-03-14T12:27:27.771Z</time>
      </trkpt>
      <trkpt lat="43.100534" lon="-0.815047">
        <ele>282.357839</ele>
        <time>2026-03-14T12:27:35.849Z</time>
      </trkpt>
      <trkpt lat="43.100825" lon="-0.814726">
        <ele>283.071990</ele>
        <time>2026-03-14T12:27:48.899Z</time>
      </trkpt>
      <trkpt lat="43.100962" lon="-0.814492">
        <ele>283.208131</ele>
        <time>2026-03-14T12:27:54.454Z</time>
      </trkpt>
      <trkpt lat="43.101083" lon="-0.814146">
        <ele>283.382264</ele>
        <time>2026-03-14T12:27:59.050Z</time>
      </trkpt>
      <trkpt lat="43.101173" lon="-0.813775">
        <ele>283.559712</ele>
        <time>2026-03-14T12:28:02.224Z</time>
      </trkpt>
      <trkpt lat="43.101396" lon="-0.812685">
        <ele>284.166601</ele>
        <time>2026-03-14T12:28:10.613Z</time>
      </trkpt>
      <trkpt lat="43.101442" lon="-0.812125">
        <ele>284.725862</ele>
        <time>2026-03-14T12:28:15.468Z</time>
      </trkpt>
      <trkpt lat="43.101427" lon="-0.811738">
        <ele>285.110470</ele>
        <time>2026-03-14T12:28:19.886Z</time>
      </trkpt>
      <trkpt lat="43.101382" lon="-0.811415">
        <ele>285.436805</ele>
        <time>2026-03-14T12:28:24.807Z</time>
      </trkpt>
      <trkpt lat="43.101193" lon="-0.810715">
        <ele>286.177478</ele>
        <time>2026-03-14T12:28:40.078Z</time>
      </trkpt>
      <trkpt lat="43.101113" lon="-0.810492">
        <ele>286.424059</ele>
        <time>2026-03-14T12:28:46.434Z</time>
      </trkpt>
      <trkpt lat="43.100700" lon="-0.809707">
        <ele>291.210362</ele>
        <time>2026-03-14T12:29:14.974Z</time>
      </trkpt>
      <trkpt lat="43.100571" lon="-0.809385">
        <ele>293.051440</ele>
        <time>2026-03-14T12:29:26.761Z</time>
      </trkpt>
      <trkpt lat="43.100512" lon="-0.809090">
        <ele>294.584652</ele>
        <time>2026-03-14T12:29:37.019Z</time>
      </trkpt>
      <trkpt lat="43.100505" lon="-0.808866">
        <ele>295.708522</ele>
        <time>2026-03-14T12:29:44.639Z</time>
      </trkpt>
      <trkpt lat="43.100540" lon="-0.808590">
        <ele>297.112733</ele>
        <time>2026-03-14T12:29:54.114Z</time>
      </trkpt>
      <trkpt lat="43.100652" lon="-0.808316">
        <ele>298.686787</ele>
        <time>2026-03-14T12:30:04.811Z</time>
      </trkpt>
      <trkpt lat="43.100815" lon="-0.808097">
        <ele>300.444729</ele>
        <time>2026-03-14T12:30:15.401Z</time>
      </trkpt>
      <trkpt lat="43.102392" lon="-0.806851">
        <ele>314.974904</ele>
        <time>2026-03-14T12:31:37.655Z</time>
      </trkpt>
      <trkpt lat="43.102522" lon="-0.806715">
        <ele>316.527736</ele>
        <time>2026-03-14T12:31:45.803Z</time>
      </trkpt>
      <trkpt lat="43.102649" lon="-0.806549">
        <ele>318.194172</ele>
        <time>2026-03-14T12:31:55.167Z</time>
      </trkpt>
      <trkpt lat="43.102850" lon="-0.806173">
        <ele>321.423950</ele>
        <time>2026-03-14T12:32:14.903Z</time>
      </trkpt>
      <trkpt lat="43.103082" lon="-0.805499">
        <ele>326.588354</ele>
        <time>2026-03-14T12:32:45.357Z</time>
      </trkpt>
      <trkpt lat="43.103179" lon="-0.805027">
        <ele>330.008497</ele>
        <time>2026-03-14T12:33:04.176Z</time>
      </trkpt>
      <trkpt lat="43.103191" lon="-0.804887">
        <ele>331.107211</ele>
        <time>2026-03-14T12:33:09.616Z</time>
      </trkpt>
      <trkpt lat="43.103174" lon="-0.804632">
        <ele>333.103059</ele>
        <time>2026-03-14T12:33:19.726Z</time>
      </trkpt>
      <trkpt lat="43.103084" lon="-0.804352">
        <ele>335.487629</ele>
        <time>2026-03-14T12:33:31.992Z</time>
      </trkpt>
      <trkpt lat="43.102927" lon="-0.804040">
        <ele>338.441123</ele>
        <time>2026-03-14T12:33:47.386Z</time>
      </trkpt>
      <trkpt lat="43.102837" lon="-0.803641">
        <ele>341.696146</ele>
        <time>2026-03-14T12:34:04.494Z</time>
      </trkpt>
      <trkpt lat="43.102840" lon="-0.803486">
        <ele>342.904714</ele>
        <time>2026-03-14T12:34:10.810Z</time>
      </trkpt>
      <trkpt lat="43.102967" lon="-0.802742">
        <ele>348.860173</ele>
        <time>2026-03-14T12:34:44.700Z</time>
      </trkpt>
      <trkpt lat="43.102879" lon="-0.801307">
        <ele>358.871523</ele>
        <time>2026-03-14T12:35:55.936Z</time>
      </trkpt>
      <trkpt lat="43.102881" lon="-0.800740">
        <ele>362.806771</ele>
        <time>2026-03-14T12:36:16.666Z</time>
      </trkpt>
      <trkpt lat="43.102933" lon="-0.800438">
        <ele>364.960265</ele>
        <time>2026-03-14T12:36:25.242Z</time>
      </trkpt>
      <trkpt lat="43.103063" lon="-0.800092">
        <ele>365.786674</ele>
        <time>2026-03-14T12:36:32.840Z</time>
      </trkpt>
      <trkpt lat="43.103402" lon="-0.799350">
        <ele>364.514862</ele>
        <time>2026-03-14T12:36:40.300Z</time>
      </trkpt>
      <trkpt lat="43.103726" lon="-0.798540">
        <ele>363.172880</ele>
        <time>2026-03-14T12:36:46.747Z</time>
      </trkpt>
      <trkpt lat="43.104566" lon="-0.796366">
        <ele>356.098108</ele>
        <time>2026-03-14T12:37:03.887Z</time>
      </trkpt>
      <trkpt lat="43.104767" lon="-0.795783">
        <ele>354.260759</ele>
        <time>2026-03-14T12:37:08.484Z</time>
      </trkpt>
      <trkpt lat="43.105284" lon="-0.794577">
        <ele>351.328673</ele>
        <time>2026-03-14T12:37:18.872Z</time>
      </trkpt>
      <trkpt lat="43.105672" lon="-0.793569">
        <ele>349.157894</ele>
        <time>2026-03-14T12:37:28.003Z</time>
      </trkpt>
      <trkpt lat="43.105846" lon="-0.793230">
        <ele>348.619117</ele>
        <time>2026-03-14T12:37:31.503Z</time>
      </trkpt>
      <trkpt lat="43.106990" lon="-0.791870">
        <ele>345.621085</ele>
        <time>2026-03-14T12:37:48.743Z</time>
      </trkpt>
      <trkpt lat="43.107587" lon="-0.790720">
        <ele>342.371831</ele>
        <time>2026-03-14T12:37:59.403Z</time>
      </trkpt>
      <trkpt lat="43.107799" lon="-0.790369">
        <ele>341.322869</ele>
        <time>2026-03-14T12:38:02.622Z</time>
      </trkpt>
      <trkpt lat="43.108292" lon="-0.789867">
        <ele>338.853576</ele>
        <time>2026-03-14T12:38:08.466Z</time>
      </trkpt>
      <trkpt lat="43.108670" lon="-0.789521">
        <ele>336.811037</ele>
        <time>2026-03-14T12:38:12.747Z</time>
      </trkpt>
      <trkpt lat="43.108794" lon="-0.789407">
        <ele>336.140091</ele>
        <time>2026-03-14T12:38:14.159Z</time>
      </trkpt>
      <trkpt lat="43.109000" lon="-0.789282">
        <ele>335.127844</ele>
        <time>2026-03-14T12:38:16.308Z</time>
      </trkpt>
      <trkpt lat="43.109359" lon="-0.789065">
        <ele>333.364898</ele>
        <time>2026-03-14T12:38:20.083Z</time>
      </trkpt>
      <trkpt lat="43.109644" lon="-0.788820">
        <ele>332.034480</ele>
        <time>2026-03-14T12:38:23.383Z</time>
      </trkpt>
      <trkpt lat="43.110213" lon="-0.788012">
        <ele>329.300144</ele>
        <time>2026-03-14T12:38:31.587Z</time>
      </trkpt>
      <trkpt lat="43.110372" lon="-0.787621">
        <ele>328.210049</ele>
        <time>2026-03-14T12:38:34.908Z</time>
      </trkpt>
      <trkpt lat="43.110713" lon="-0.786615">
        <ele>325.917610</ele>
        <time>2026-03-14T12:38:43.248Z</time>
      </trkpt>
      <trkpt lat="43.110794" lon="-0.786248">
        <ele>325.348198</ele>
        <time>2026-03-14T12:38:46.162Z</time>
      </trkpt>
      <trkpt lat="43.110859" lon="-0.785810">
        <ele>324.684402</ele>
        <time>2026-03-14T12:38:49.637Z</time>
      </trkpt>
      <trkpt lat="43.110912" lon="-0.785120">
        <ele>323.654000</ele>
        <time>2026-03-14T12:38:55.273Z</time>
      </trkpt>
      <trkpt lat="43.110941" lon="-0.784997">
        <ele>323.462037</ele>
        <time>2026-03-14T12:38:56.375Z</time>
      </trkpt>
      <trkpt lat="43.111165" lon="-0.784614">
        <ele>322.910368</ele>
        <time>2026-03-14T12:39:00.787Z</time>
      </trkpt>
      <trkpt lat="43.111267" lon="-0.784474">
        <ele>322.933097</ele>
        <time>2026-03-14T12:39:02.680Z</time>
      </trkpt>
      <trkpt lat="43.111433" lon="-0.784157">
        <ele>322.977927</ele>
        <time>2026-03-14T12:39:06.502Z</time>
      </trkpt>
      <trkpt lat="43.111499" lon="-0.783933">
        <ele>323.005685</ele>
        <time>2026-03-14T12:39:09.096Z</time>
      </trkpt>
      <trkpt lat="43.111550" lon="-0.782990">
        <ele>323.114345</ele>
        <time>2026-03-14T12:39:21.334Z</time>
      </trkpt>
      <trkpt lat="43.111553" lon="-0.782790">
        <ele>323.137332</ele>
        <time>2026-03-14T12:39:24.035Z</time>
      </trkpt>
      <trkpt lat="43.111583" lon="-0.781969">
        <ele>323.013188</ele>
        <time>2026-03-14T12:39:34.609Z</time>
      </trkpt>
      <trkpt lat="43.111541" lon="-0.781550">
        <ele>322.853575</ele>
        <time>2026-03-14T12:39:39.246Z</time>
      </trkpt>
      <trkpt lat="43.111446" lon="-0.781174">
        <ele>322.703414</ele>
        <time>2026-03-14T12:39:43.275Z</time>
      </trkpt>
      <trkpt lat="43.111006" lon="-0.779773">
        <ele>321.778024</ele>
        <time>2026-03-14T12:39:56.544Z</time>
      </trkpt>
      <trkpt lat="43.110585" lon="-0.778539">
        <ele>319.803275</ele>
        <time>2026-03-14T12:40:07.271Z</time>
      </trkpt>
      <trkpt lat="43.110514" lon="-0.778293">
        <ele>319.419767</ele>
        <time>2026-03-14T12:40:09.316Z</time>
      </trkpt>
      <trkpt lat="43.110473" lon="-0.778048">
        <ele>319.055356</ele>
        <time>2026-03-14T12:40:11.273Z</time>
      </trkpt>
      <trkpt lat="43.110448" lon="-0.777225">
        <ele>318.167371</ele>
        <time>2026-03-14T12:40:17.875Z</time>
      </trkpt>
      <trkpt lat="43.110444" lon="-0.777053">
        <ele>318.011297</ele>
        <time>2026-03-14T12:40:19.285Z</time>
      </trkpt>
      <trkpt lat="43.110429" lon="-0.776550">
        <ele>317.554722</ele>
        <time>2026-03-14T12:40:23.523Z</time>
      </trkpt>
      <trkpt lat="43.110411" lon="-0.776026">
        <ele>317.078956</ele>
        <time>2026-03-14T12:40:28.225Z</time>
      </trkpt>
      <trkpt lat="43.110278" lon="-0.772233">
        <ele>316.305124</ele>
        <time>2026-03-14T12:41:05.783Z</time>
      </trkpt>
      <trkpt lat="43.110271" lon="-0.771847">
        <ele>316.585897</ele>
        <time>2026-03-14T12:41:11.128Z</time>
      </trkpt>
      <trkpt lat="43.110257" lon="-0.771221">
        <ele>317.041317</ele>
        <time>2026-03-14T12:41:20.641Z</time>
      </trkpt>
      <trkpt lat="43.110245" lon="-0.770948">
        <ele>317.240193</ele>
        <time>2026-03-14T12:41:25.080Z</time>
      </trkpt>
      <trkpt lat="43.110255" lon="-0.770836">
        <ele>317.322243</ele>
        <time>2026-03-14T12:41:26.920Z</time>
      </trkpt>
      <trkpt lat="43.110356" lon="-0.770625">
        <ele>317.505715</ele>
        <time>2026-03-14T12:41:31.003Z</time>
      </trkpt>
      <trkpt lat="43.110523" lon="-0.770467">
        <ele>317.749601</ele>
        <time>2026-03-14T12:41:35.576Z</time>
      </trkpt>
      <trkpt lat="43.111129" lon="-0.770206">
        <ele>318.747784</ele>
        <time>2026-03-14T12:41:49.308Z</time>
      </trkpt>
      <trkpt lat="43.111319" lon="-0.770060">
        <ele>319.090103</ele>
        <time>2026-03-14T12:41:53.711Z</time>
      </trkpt>
      <trkpt lat="43.111407" lon="-0.769948">
        <ele>319.278853</ele>
        <time>2026-03-14T12:41:56.271Z</time>
      </trkpt>
      <trkpt lat="43.111605" lon="-0.769578">
        <ele>319.805102</ele>
        <time>2026-03-14T12:42:03.352Z</time>
      </trkpt>
      <trkpt lat="43.111807" lon="-0.769007">
        <ele>320.525882</ele>
        <time>2026-03-14T12:42:12.641Z</time>
      </trkpt>
      <trkpt lat="43.111939" lon="-0.768404">
        <ele>321.176149</ele>
        <time>2026-03-14T12:42:22.087Z</time>
      </trkpt>
      <trkpt lat="43.112156" lon="-0.767306">
        <ele>322.351148</ele>
        <time>2026-03-14T12:42:41.016Z</time>
      </trkpt>
      <trkpt lat="43.112213" lon="-0.767089">
        <ele>322.589365</ele>
        <time>2026-03-14T12:42:44.193Z</time>
      </trkpt>
      <trkpt lat="43.112367" lon="-0.766573">
        <ele>323.019240</ele>
        <time>2026-03-14T12:42:51.117Z</time>
      </trkpt>
      <trkpt lat="43.112564" lon="-0.765874">
        <ele>323.079616</ele>
        <time>2026-03-14T12:43:00.035Z</time>
      </trkpt>
      <trkpt lat="43.112667" lon="-0.765500">
        <ele>323.111826</ele>
        <time>2026-03-14T12:43:04.709Z</time>
      </trkpt>
      <trkpt lat="43.112969" lon="-0.764415">
        <ele>323.205392</ele>
        <time>2026-03-14T12:43:16.127Z</time>
      </trkpt>
      <trkpt lat="43.112977" lon="-0.764346">
        <ele>323.192890</ele>
        <time>2026-03-14T12:43:16.875Z</time>
      </trkpt>
      <trkpt lat="43.113002" lon="-0.764142">
        <ele>323.155559</ele>
        <time>2026-03-14T12:43:19.131Z</time>
      </trkpt>
      <trkpt lat="43.112981" lon="-0.764048">
        <ele>323.137819</ele>
        <time>2026-03-14T12:43:20.237Z</time>
      </trkpt>
      <trkpt lat="43.113000" lon="-0.763981">
        <ele>323.124847</ele>
        <time>2026-03-14T12:43:20.998Z</time>
      </trkpt>
      <trkpt lat="43.113042" lon="-0.763938">
        <ele>323.111885</ele>
        <time>2026-03-14T12:43:21.740Z</time>
      </trkpt>
      <trkpt lat="43.113148" lon="-0.763541">
        <ele>323.035597</ele>
        <time>2026-03-14T12:43:26.301Z</time>
      </trkpt>
      <trkpt lat="43.113221" lon="-0.762967">
        <ele>322.930448</ele>
        <time>2026-03-14T12:43:32.603Z</time>
      </trkpt>
      <trkpt lat="43.113271" lon="-0.762420">
        <ele>322.830961</ele>
        <time>2026-03-14T12:43:38.170Z</time>
      </trkpt>
      <trkpt lat="43.113244" lon="-0.761692">
        <ele>322.595666</ele>
        <time>2026-03-14T12:43:45.292Z</time>
      </trkpt>
      <trkpt lat="43.113240" lon="-0.761114">
        <ele>322.314986</ele>
        <time>2026-03-14T12:43:50.275Z</time>
      </trkpt>
      <trkpt lat="43.113242" lon="-0.760817">
        <ele>322.170762</ele>
        <time>2026-03-14T12:43:52.922Z</time>
      </trkpt>
      <trkpt lat="43.113257" lon="-0.760363">
        <ele>321.950081</ele>
        <time>2026-03-14T12:43:57.188Z</time>
      </trkpt>
      <trkpt lat="43.113318" lon="-0.760041">
        <ele>321.788544</ele>
        <time>2026-03-14T12:44:00.560Z</time>
      </trkpt>
      <trkpt lat="43.113351" lon="-0.759806">
        <ele>321.672340</ele>
        <time>2026-03-14T12:44:02.991Z</time>
      </trkpt>
      <trkpt lat="43.113343" lon="-0.759484">
        <ele>321.484870</ele>
        <time>2026-03-14T12:44:06.188Z</time>
      </trkpt>
      <trkpt lat="43.113282" lon="-0.759297">
        <ele>321.321746</ele>
        <time>2026-03-14T12:44:08.128Z</time>
      </trkpt>
      <trkpt lat="43.113205" lon="-0.759189">
        <ele>321.201517</ele>
        <time>2026-03-14T12:44:09.547Z</time>
      </trkpt>
      <trkpt lat="43.112933" lon="-0.758926">
        <ele>320.838293</ele>
        <time>2026-03-14T12:44:13.888Z</time>
      </trkpt>
      <trkpt lat="43.112881" lon="-0.758873">
        <ele>320.767581</ele>
        <time>2026-03-14T12:44:14.721Z</time>
      </trkpt>
      <trkpt lat="43.112557" lon="-0.758534">
        <ele>320.322788</ele>
        <time>2026-03-14T12:44:20.142Z</time>
      </trkpt>
      <trkpt lat="43.112449" lon="-0.758327">
        <ele>320.120151</ele>
        <time>2026-03-14T12:44:22.406Z</time>
      </trkpt>
      <trkpt lat="43.112374" lon="-0.758051">
        <ele>319.885601</ele>
        <time>2026-03-14T12:44:24.884Z</time>
      </trkpt>
      <trkpt lat="43.112346" lon="-0.757869">
        <ele>319.737466</ele>
        <time>2026-03-14T12:44:26.376Z</time>
      </trkpt>
      <trkpt lat="43.112359" lon="-0.757591">
        <ele>319.206857</ele>
        <time>2026-03-14T12:44:28.534Z</time>
      </trkpt>
      <trkpt lat="43.112429" lon="-0.757195">
        <ele>317.723650</ele>
        <time>2026-03-14T12:44:31.614Z</time>
      </trkpt>
      <trkpt lat="43.112453" lon="-0.757085">
        <ele>317.305719</ele>
        <time>2026-03-14T12:44:32.467Z</time>
      </trkpt>
      <trkpt lat="43.112511" lon="-0.756797">
        <ele>316.218159</ele>
        <time>2026-03-14T12:44:34.621Z</time>
      </trkpt>
      <trkpt lat="43.112643" lon="-0.756135">
        <ele>313.720029</ele>
        <time>2026-03-14T12:44:39.352Z</time>
      </trkpt>
      <trkpt lat="43.112706" lon="-0.755680">
        <ele>312.034182</ele>
        <time>2026-03-14T12:44:42.429Z</time>
      </trkpt>
      <trkpt lat="43.112718" lon="-0.753691">
        <ele>301.732049</ele>
        <time>2026-03-14T12:44:55.198Z</time>
      </trkpt>
      <trkpt lat="43.112729" lon="-0.751556">
        <ele>293.302640</ele>
        <time>2026-03-14T12:45:09.262Z</time>
      </trkpt>
      <trkpt lat="43.112748" lon="-0.750160">
        <ele>290.837924</ele>
        <time>2026-03-14T12:45:20.802Z</time>
      </trkpt>
      <trkpt lat="43.112716" lon="-0.749653">
        <ele>293.153704</ele>
        <time>2026-03-14T12:45:30.183Z</time>
      </trkpt>
      <trkpt lat="43.112662" lon="-0.749270">
        <ele>294.928809</ele>
        <time>2026-03-14T12:45:38.983Z</time>
      </trkpt>
      <trkpt lat="43.112345" lon="-0.747828">
        <ele>301.872225</ele>
        <time>2026-03-14T12:46:40.105Z</time>
      </trkpt>
      <trkpt lat="43.112308" lon="-0.747508">
        <ele>303.543182</ele>
        <time>2026-03-14T12:46:54.142Z</time>
      </trkpt>
      <trkpt lat="43.112300" lon="-0.747180">
        <ele>305.235770</ele>
        <time>2026-03-14T12:47:06.944Z</time>
      </trkpt>
      <trkpt lat="43.112324" lon="-0.746812">
        <ele>307.141271</ele>
        <time>2026-03-14T12:47:20.767Z</time>
      </trkpt>
      <trkpt lat="43.112391" lon="-0.746449">
        <ele>309.072336</ele>
        <time>2026-03-14T12:47:34.158Z</time>
      </trkpt>
      <trkpt lat="43.112615" lon="-0.745701">
        <ele>313.242073</ele>
        <time>2026-03-14T12:47:54.223Z</time>
      </trkpt>
      <trkpt lat="43.112940" lon="-0.744277">
        <ele>313.219827</ele>
        <time>2026-03-14T12:48:11.044Z</time>
      </trkpt>
      <trkpt lat="43.113192" lon="-0.743498">
        <ele>312.854661</ele>
        <time>2026-03-14T12:48:17.659Z</time>
      </trkpt>
      <trkpt lat="43.113462" lon="-0.742608">
        <ele>311.958455</ele>
        <time>2026-03-14T12:48:24.763Z</time>
      </trkpt>
      <trkpt lat="43.113653" lon="-0.741885">
        <ele>311.122454</ele>
        <time>2026-03-14T12:48:30.887Z</time>
      </trkpt>
      <trkpt lat="43.113691" lon="-0.741646">
        <ele>310.856500</ele>
        <time>2026-03-14T12:48:33.123Z</time>
      </trkpt>
      <trkpt lat="43.113695" lon="-0.741399">
        <ele>310.587875</ele>
        <time>2026-03-14T12:48:35.626Z</time>
      </trkpt>
      <trkpt lat="43.113670" lon="-0.741175">
        <ele>310.341493</ele>
        <time>2026-03-14T12:48:38.287Z</time>
      </trkpt>
      <trkpt lat="43.113486" lon="-0.740300">
        <ele>310.327660</ele>
        <time>2026-03-14T12:48:50.456Z</time>
      </trkpt>
      <trkpt lat="43.113427" lon="-0.739506">
        <ele>310.627459</ele>
        <time>2026-03-14T12:49:00.789Z</time>
      </trkpt>
      <trkpt lat="43.113352" lon="-0.738260">
        <ele>310.910479</ele>
        <time>2026-03-14T12:49:15.455Z</time>
      </trkpt>
      <trkpt lat="43.113420" lon="-0.737942">
        <ele>310.789326</ele>
        <time>2026-03-14T12:49:19.525Z</time>
      </trkpt>
      <trkpt lat="43.113544" lon="-0.737695">
        <ele>310.679724</ele>
        <time>2026-03-14T12:49:23.260Z</time>
      </trkpt>
      <trkpt lat="43.112850" lon="-0.736708">
        <ele>310.178683</ele>
        <time>2026-03-14T12:49:36.696Z</time>
      </trkpt>
      <trkpt lat="43.112462" lon="-0.736171">
        <ele>308.541751</ele>
        <time>2026-03-14T12:49:42.569Z</time>
      </trkpt>
      <trkpt lat="43.112230" lon="-0.735945">
        <ele>307.425455</ele>
        <time>2026-03-14T12:49:45.407Z</time>
      </trkpt>
      <trkpt lat="43.112077" lon="-0.735855">
        <ele>306.772532</ele>
        <time>2026-03-14T12:49:47.017Z</time>
      </trkpt>
      <trkpt lat="43.111694" lon="-0.735755">
        <ele>305.243670</ele>
        <time>2026-03-14T12:49:50.722Z</time>
      </trkpt>
      <trkpt lat="43.110201" lon="-0.735636">
        <ele>299.668820</ele>
        <time>2026-03-14T12:50:04.775Z</time>
      </trkpt>
      <trkpt lat="43.109502" lon="-0.735598">
        <ele>297.142094</ele>
        <time>2026-03-14T12:50:11.983Z</time>
      </trkpt>
      <trkpt lat="43.109318" lon="-0.735593">
        <ele>296.573913</ele>
        <time>2026-03-14T12:50:14.085Z</time>
      </trkpt>
      <trkpt lat="43.109204" lon="-0.735585">
        <ele>296.693228</ele>
        <time>2026-03-14T12:50:15.501Z</time>
      </trkpt>
      <trkpt lat="43.108915" lon="-0.735571">
        <ele>296.995493</ele>
        <time>2026-03-14T12:50:19.416Z</time>
      </trkpt>
      <trkpt lat="43.108509" lon="-0.735490">
        <ele>297.424341</ele>
        <time>2026-03-14T12:50:27.107Z</time>
      </trkpt>
      <trkpt lat="43.107590" lon="-0.735160">
        <ele>298.417382</ele>
        <time>2026-03-14T12:50:50.298Z</time>
      </trkpt>
      <trkpt lat="43.106938" lon="-0.734821">
        <ele>299.555018</ele>
        <time>2026-03-14T12:51:06.167Z</time>
      </trkpt>
      <trkpt lat="43.106411" lon="-0.734455">
        <ele>300.526109</ele>
        <time>2026-03-14T12:51:18.638Z</time>
      </trkpt>
      <trkpt lat="43.106142" lon="-0.734213">
        <ele>301.055038</ele>
        <time>2026-03-14T12:51:25.184Z</time>
      </trkpt>
      <trkpt lat="43.105626" lon="-0.733629">
        <ele>301.658688</ele>
        <time>2026-03-14T12:51:38.069Z</time>
      </trkpt>
      <trkpt lat="43.105190" lon="-0.733042">
        <ele>302.012959</ele>
        <time>2026-03-14T12:51:48.512Z</time>
      </trkpt>
      <trkpt lat="43.104896" lon="-0.732689">
        <ele>302.239519</ele>
        <time>2026-03-14T12:51:54.781Z</time>
      </trkpt>
      <trkpt lat="43.104510" lon="-0.732304">
        <ele>302.457782</ele>
        <time>2026-03-14T12:52:02.192Z</time>
      </trkpt>
      <trkpt lat="43.104047" lon="-0.731704">
        <ele>302.575072</ele>
        <time>2026-03-14T12:52:11.618Z</time>
      </trkpt>
      <trkpt lat="43.103618" lon="-0.731276">
        <ele>302.672738</ele>
        <time>2026-03-14T12:52:19.729Z</time>
      </trkpt>
      <trkpt lat="43.103405" lon="-0.731008">
        <ele>302.725962</ele>
        <time>2026-03-14T12:52:24.297Z</time>
      </trkpt>
      <trkpt lat="43.102682" lon="-0.729753">
        <ele>303.545262</ele>
        <time>2026-03-14T12:52:43.976Z</time>
      </trkpt>
      <trkpt lat="43.102586" lon="-0.729552">
        <ele>303.686408</ele>
        <time>2026-03-14T12:52:47.128Z</time>
      </trkpt>
      <trkpt lat="43.102507" lon="-0.729344">
        <ele>303.824189</ele>
        <time>2026-03-14T12:52:50.301Z</time>
      </trkpt>
      <trkpt lat="43.102190" lon="-0.728252">
        <ele>304.780661</ele>
        <time>2026-03-14T12:53:07.581Z</time>
      </trkpt>
      <trkpt lat="43.102113" lon="-0.728074">
        <ele>305.008049</ele>
        <time>2026-03-14T12:53:10.809Z</time>
      </trkpt>
      <trkpt lat="43.101587" lon="-0.727209">
        <ele>306.245262</ele>
        <time>2026-03-14T12:53:28.742Z</time>
      </trkpt>
      <trkpt lat="43.100906" lon="-0.725630">
        <ele>308.139522</ele>
        <time>2026-03-14T12:53:56.220Z</time>
      </trkpt>
      <trkpt lat="43.100690" lon="-0.725120">
        <ele>308.729044</ele>
        <time>2026-03-14T12:54:04.612Z</time>
      </trkpt>
      <trkpt lat="43.100502" lon="-0.724568">
        <ele>309.338076</ele>
        <time>2026-03-14T12:54:13.381Z</time>
      </trkpt>
      <trkpt lat="43.100382" lon="-0.724397">
        <ele>309.616524</ele>
        <time>2026-03-14T12:54:16.798Z</time>
      </trkpt>
      <trkpt lat="43.100105" lon="-0.724110">
        <ele>310.192676</ele>
        <time>2026-03-14T12:54:23.819Z</time>
      </trkpt>
      <trkpt lat="43.100011" lon="-0.723956">
        <ele>310.435786</ele>
        <time>2026-03-14T12:54:26.903Z</time>
      </trkpt>
      <trkpt lat="43.099698" lon="-0.723459">
        <ele>311.230716</ele>
        <time>2026-03-14T12:54:37.424Z</time>
      </trkpt>
      <trkpt lat="43.099188" lon="-0.722948">
        <ele>312.278919</ele>
        <time>2026-03-14T12:54:51.961Z</time>
      </trkpt>
      <trkpt lat="43.099066" lon="-0.722834">
        <ele>312.492309</ele>
        <time>2026-03-14T12:54:55.198Z</time>
      </trkpt>
      <trkpt lat="43.098399" lon="-0.722270">
        <ele>313.536780</ele>
        <time>2026-03-14T12:55:11.848Z</time>
      </trkpt>
      <trkpt lat="43.098338" lon="-0.722227">
        <ele>313.628193</ele>
        <time>2026-03-14T12:55:13.265Z</time>
      </trkpt>
      <trkpt lat="43.097834" lon="-0.722005">
        <ele>314.333612</ele>
        <time>2026-03-14T12:55:23.193Z</time>
      </trkpt>
      <trkpt lat="43.097571" lon="-0.721929">
        <ele>314.691754</ele>
        <time>2026-03-14T12:55:27.955Z</time>
      </trkpt>
      <trkpt lat="43.097474" lon="-0.721863">
        <ele>314.852360</ele>
        <time>2026-03-14T12:55:29.901Z</time>
      </trkpt>
      <trkpt lat="43.097371" lon="-0.721690">
        <ele>315.115947</ele>
        <time>2026-03-14T12:55:32.787Z</time>
      </trkpt>
      <trkpt lat="43.097350" lon="-0.721481">
        <ele>315.365070</ele>
        <time>2026-03-14T12:55:35.619Z</time>
      </trkpt>
      <trkpt lat="43.097351" lon="-0.721414">
        <ele>315.444203</ele>
        <time>2026-03-14T12:55:36.536Z</time>
      </trkpt>
      <trkpt lat="43.097373" lon="-0.721054">
        <ele>315.870794</ele>
        <time>2026-03-14T12:55:41.783Z</time>
      </trkpt>
      <trkpt lat="43.097375" lon="-0.720843">
        <ele>316.119974</ele>
        <time>2026-03-14T12:55:45.023Z</time>
      </trkpt>
      <trkpt lat="43.097293" lon="-0.720584">
        <ele>316.453325</ele>
        <time>2026-03-14T12:55:49.524Z</time>
      </trkpt>
      <trkpt lat="43.097133" lon="-0.720303">
        <ele>316.874102</ele>
        <time>2026-03-14T12:55:55.340Z</time>
      </trkpt>
      <trkpt lat="43.096866" lon="-0.719941">
        <ele>317.481694</ele>
        <time>2026-03-14T12:56:04.196Z</time>
      </trkpt>
      <trkpt lat="43.096292" lon="-0.719516">
        <ele>318.837324</ele>
        <time>2026-03-14T12:56:20.435Z</time>
      </trkpt>
      <trkpt lat="43.096112" lon="-0.719366">
        <ele>319.295945</ele>
        <time>2026-03-14T12:56:25.529Z</time>
      </trkpt>
      <trkpt lat="43.095934" lon="-0.719194">
        <ele>319.770114</ele>
        <time>2026-03-14T12:56:30.682Z</time>
      </trkpt>
      <trkpt lat="43.095582" lon="-0.718549">
        <ele>321.049930</ele>
        <time>2026-03-14T12:56:44.001Z</time>
      </trkpt>
      <trkpt lat="43.095417" lon="-0.718062">
        <ele>321.887721</ele>
        <time>2026-03-14T12:56:52.755Z</time>
      </trkpt>
      <trkpt lat="43.095376" lon="-0.717902">
        <ele>322.144164</ele>
        <time>2026-03-14T12:56:55.645Z</time>
      </trkpt>
      <trkpt lat="43.095373" lon="-0.717811">
        <ele>322.281929</ele>
        <time>2026-03-14T12:56:57.197Z</time>
      </trkpt>
      <trkpt lat="43.095385" lon="-0.717726">
        <ele>322.412859</ele>
        <time>2026-03-14T12:56:58.721Z</time>
      </trkpt>
      <trkpt lat="43.095563" lon="-0.717213">
        <ele>323.271829</ele>
        <time>2026-03-14T12:57:08.711Z</time>
      </trkpt>
      <trkpt lat="43.095574" lon="-0.717028">
        <ele>323.552540</ele>
        <time>2026-03-14T12:57:11.954Z</time>
      </trkpt>
      <trkpt lat="43.095459" lon="-0.717059">
        <ele>323.795287</ele>
        <time>2026-03-14T12:57:14.709Z</time>
      </trkpt>
      <trkpt lat="43.095186" lon="-0.717062">
        <ele>324.360715</ele>
        <time>2026-03-14T12:57:21.170Z</time>
      </trkpt>
      <trkpt lat="43.094942" lon="-0.716916">
        <ele>324.912197</ele>
        <time>2026-03-14T12:57:27.270Z</time>
      </trkpt>
      <trkpt lat="43.094800" lon="-0.716836">
        <ele>325.230208</ele>
        <time>2026-03-14T12:57:30.697Z</time>
      </trkpt>
      <trkpt lat="43.094593" lon="-0.716712">
        <ele>325.594403</ele>
        <time>2026-03-14T12:57:35.684Z</time>
      </trkpt>
      <trkpt lat="43.094356" lon="-0.716507">
        <ele>326.020335</ele>
        <time>2026-03-14T12:57:41.746Z</time>
      </trkpt>
      <trkpt lat="43.094226" lon="-0.716376">
        <ele>326.265580</ele>
        <time>2026-03-14T12:57:45.163Z</time>
      </trkpt>
      <trkpt lat="43.094185" lon="-0.716332">
        <ele>326.344729</ele>
        <time>2026-03-14T12:57:46.243Z</time>
      </trkpt>
      <trkpt lat="43.094080" lon="-0.716238">
        <ele>326.535339</ele>
        <time>2026-03-14T12:57:48.794Z</time>
      </trkpt>
      <trkpt lat="43.093753" lon="-0.716076">
        <ele>327.063716</ele>
        <time>2026-03-14T12:57:55.735Z</time>
      </trkpt>
      <trkpt lat="43.093360" lon="-0.715961">
        <ele>327.674345</ele>
        <time>2026-03-14T12:58:03.892Z</time>
      </trkpt>
      <trkpt lat="43.093131" lon="-0.715895">
        <ele>328.029924</ele>
        <time>2026-03-14T12:58:08.566Z</time>
      </trkpt>
      <trkpt lat="43.092606" lon="-0.715621">
        <ele>328.597133</ele>
        <time>2026-03-14T12:58:19.967Z</time>
      </trkpt>
      <trkpt lat="43.092393" lon="-0.715611">
        <ele>328.810788</ele>
        <time>2026-03-14T12:58:24.321Z</time>
      </trkpt>
      <trkpt lat="43.092374" lon="-0.715494">
        <ele>328.898532</ele>
        <time>2026-03-14T12:58:26.068Z</time>
      </trkpt>
      <trkpt lat="43.092243" lon="-0.715387">
        <ele>329.051445</ele>
        <time>2026-03-14T12:58:29.111Z</time>
      </trkpt>
      <trkpt lat="43.091820" lon="-0.715198">
        <ele>329.497498</ele>
        <time>2026-03-14T12:58:37.300Z</time>
      </trkpt>
      <trkpt lat="43.091543" lon="-0.714995">
        <ele>329.812452</ele>
        <time>2026-03-14T12:58:42.522Z</time>
      </trkpt>
      <trkpt lat="43.091255" lon="-0.714728">
        <ele>329.977751</ele>
        <time>2026-03-14T12:58:47.994Z</time>
      </trkpt>
      <trkpt lat="43.090884" lon="-0.714317">
        <ele>330.178892</ele>
        <time>2026-03-14T12:58:55.476Z</time>
      </trkpt>
      <trkpt lat="43.090507" lon="-0.713883">
        <ele>330.386490</ele>
        <time>2026-03-14T12:59:03.367Z</time>
      </trkpt>
      <trkpt lat="43.090191" lon="-0.713670">
        <ele>330.534946</ele>
        <time>2026-03-14T12:59:09.208Z</time>
      </trkpt>
      <trkpt lat="43.090112" lon="-0.713619">
        <ele>330.571759</ele>
        <time>2026-03-14T12:59:10.711Z</time>
      </trkpt>
      <trkpt lat="43.089981" lon="-0.713587">
        <ele>330.653318</ele>
        <time>2026-03-14T12:59:13.081Z</time>
      </trkpt>
      <trkpt lat="43.089669" lon="-0.713626">
        <ele>330.919932</ele>
        <time>2026-03-14T12:59:18.883Z</time>
      </trkpt>
      <trkpt lat="43.089333" lon="-0.713722">
        <ele>331.212024</ele>
        <time>2026-03-14T12:59:25.937Z</time>
      </trkpt>
      <trkpt lat="43.088556" lon="-0.713914">
        <ele>331.883926</ele>
        <time>2026-03-14T12:59:40.974Z</time>
      </trkpt>
      <trkpt lat="43.088359" lon="-0.713921">
        <ele>332.051629</ele>
        <time>2026-03-14T12:59:44.223Z</time>
      </trkpt>
      <trkpt lat="43.088264" lon="-0.713883">
        <ele>332.135187</ele>
        <time>2026-03-14T12:59:45.851Z</time>
      </trkpt>
      <trkpt lat="43.088210" lon="-0.713775">
        <ele>332.193706</ele>
        <time>2026-03-14T12:59:47.352Z</time>
      </trkpt>
      <trkpt lat="43.088044" lon="-0.713253">
        <ele>332.448257</ele>
        <time>2026-03-14T12:59:53.586Z</time>
      </trkpt>
      <trkpt lat="43.087983" lon="-0.713111">
        <ele>332.521914</ele>
        <time>2026-03-14T12:59:55.301Z</time>
      </trkpt>
      <trkpt lat="43.087915" lon="-0.713025">
        <ele>332.578584</ele>
        <time>2026-03-14T12:59:56.600Z</time>
      </trkpt>
      <trkpt lat="43.087632" lon="-0.712875">
        <ele>332.764365</ele>
        <time>2026-03-14T13:00:00.733Z</time>
      </trkpt>
      <trkpt lat="43.087028" lon="-0.712470">
        <ele>333.176093</ele>
        <time>2026-03-14T13:00:11.359Z</time>
      </trkpt>
      <trkpt lat="43.086414" lon="-0.711988">
        <ele>336.067563</ele>
        <time>2026-03-14T13:00:31.424Z</time>
      </trkpt>
      <trkpt lat="43.086364" lon="-0.711924">
        <ele>336.384318</ele>
        <time>2026-03-14T13:00:33.513Z</time>
      </trkpt>
      <trkpt lat="43.086273" lon="-0.711591">
        <ele>337.586025</ele>
        <time>2026-03-14T13:00:42.000Z</time>
      </trkpt>
      <trkpt lat="43.086176" lon="-0.711474">
        <ele>338.184267</ele>
        <time>2026-03-14T13:00:46.477Z</time>
      </trkpt>
      <trkpt lat="43.085937" lon="-0.711381">
        <ele>339.334131</ele>
        <time>2026-03-14T13:00:55.592Z</time>
      </trkpt>
      <trkpt lat="43.085719" lon="-0.711355">
        <ele>340.346832</ele>
        <time>2026-03-14T13:01:04.521Z</time>
      </trkpt>
      <trkpt lat="43.085383" lon="-0.711433">
        <ele>342.121789</ele>
        <time>2026-03-14T13:01:19.652Z</time>
      </trkpt>
      <trkpt lat="43.085294" lon="-0.711430">
        <ele>342.756796</ele>
        <time>2026-03-14T13:01:23.671Z</time>
      </trkpt>
      <trkpt lat="43.085188" lon="-0.711405">
        <ele>343.524002</ele>
        <time>2026-03-14T13:01:28.373Z</time>
      </trkpt>
      <trkpt lat="43.084991" lon="-0.711299">
        <ele>345.033758</ele>
        <time>2026-03-14T13:01:37.230Z</time>
      </trkpt>
      <trkpt lat="43.084934" lon="-0.711231">
        <ele>345.572997</ele>
        <time>2026-03-14T13:01:40.335Z</time>
      </trkpt>
      <trkpt lat="43.084873" lon="-0.711061">
        <ele>346.559697</ele>
        <time>2026-03-14T13:01:45.925Z</time>
      </trkpt>
      <trkpt lat="43.084866" lon="-0.710513">
        <ele>349.414858</ele>
        <time>2026-03-14T13:02:02.071Z</time>
      </trkpt>
      <trkpt lat="43.084817" lon="-0.710450">
        <ele>349.894296</ele>
        <time>2026-03-14T13:02:04.864Z</time>
      </trkpt>
      <trkpt lat="43.084701" lon="-0.710394">
        <ele>350.771617</ele>
        <time>2026-03-14T13:02:10.090Z</time>
      </trkpt>
      <trkpt lat="43.084486" lon="-0.710431">
        <ele>352.317223</ele>
        <time>2026-03-14T13:02:19.765Z</time>
      </trkpt>
      <trkpt lat="43.084413" lon="-0.710417">
        <ele>352.842997</ele>
        <time>2026-03-14T13:02:23.237Z</time>
      </trkpt>
      <trkpt lat="43.084063" lon="-0.710203">
        <ele>356.290781</ele>
        <time>2026-03-14T13:02:41.291Z</time>
      </trkpt>
      <trkpt lat="43.084037" lon="-0.710149">
        <ele>356.829929</ele>
        <time>2026-03-14T13:02:43.454Z</time>
      </trkpt>
      <trkpt lat="43.084035" lon="-0.710009">
        <ele>357.997167</ele>
        <time>2026-03-14T13:02:48.513Z</time>
      </trkpt>
      <trkpt lat="43.084067" lon="-0.709840">
        <ele>359.452495</ele>
        <time>2026-03-14T13:02:55.024Z</time>
      </trkpt>
      <trkpt lat="43.084083" lon="-0.709544">
        <ele>361.926645</ele>
        <time>2026-03-14T13:03:06.779Z</time>
      </trkpt>
      <trkpt lat="43.084052" lon="-0.709365">
        <ele>363.460131</ele>
        <time>2026-03-14T13:03:14.696Z</time>
      </trkpt>
      <trkpt lat="43.083981" lon="-0.709236">
        <ele>364.806603</ele>
        <time>2026-03-14T13:03:21.979Z</time>
      </trkpt>
      <trkpt lat="43.083851" lon="-0.709153">
        <ele>366.443731</ele>
        <time>2026-03-14T13:03:31.157Z</time>
      </trkpt>
      <trkpt lat="43.083605" lon="-0.709082">
        <ele>369.313133</ele>
        <time>2026-03-14T13:03:48.130Z</time>
      </trkpt>
      <trkpt lat="43.083062" lon="-0.708928">
        <ele>375.794222</ele>
        <time>2026-03-14T13:04:28.386Z</time>
      </trkpt>
      <trkpt lat="43.082726" lon="-0.708868">
        <ele>380.471896</ele>
        <time>2026-03-14T13:04:53.449Z</time>
      </trkpt>
      <trkpt lat="43.080742" lon="-0.708276">
        <ele>406.686397</ele>
        <time>2026-03-14T13:07:15.766Z</time>
      </trkpt>
      <trkpt lat="43.080129" lon="-0.707845">
        <ele>414.225537</ele>
        <time>2026-03-14T13:07:54.074Z</time>
      </trkpt>
      <trkpt lat="43.079826" lon="-0.707717">
        <ele>417.694706</ele>
        <time>2026-03-14T13:08:09.931Z</time>
      </trkpt>
      <trkpt lat="43.079733" lon="-0.707711">
        <ele>418.713297</ele>
        <time>2026-03-14T13:08:14.476Z</time>
      </trkpt>
      <trkpt lat="43.079644" lon="-0.707768">
        <ele>419.673929</ele>
        <time>2026-03-14T13:08:19.379Z</time>
      </trkpt>
      <trkpt lat="43.079631" lon="-0.707857">
        <ele>420.171401</ele>
        <time>2026-03-14T13:08:22.606Z</time>
      </trkpt>
      <trkpt lat="43.079715" lon="-0.708153">
        <ele>421.911940</ele>
        <time>2026-03-14T13:08:33.784Z</time>
      </trkpt>
      <trkpt lat="43.079731" lon="-0.708269">
        <ele>422.558977</ele>
        <time>2026-03-14T13:08:37.785Z</time>
      </trkpt>
      <trkpt lat="43.079709" lon="-0.708353">
        <ele>423.048088</ele>
        <time>2026-03-14T13:08:40.832Z</time>
      </trkpt>
      <trkpt lat="43.079627" lon="-0.708403">
        <ele>423.721693</ele>
        <time>2026-03-14T13:08:44.860Z</time>
      </trkpt>
      <trkpt lat="43.078514" lon="-0.708594">
        <ele>432.139126</ele>
        <time>2026-03-14T13:09:33.126Z</time>
      </trkpt>
      <trkpt lat="43.078335" lon="-0.708702">
        <ele>433.287857</ele>
        <time>2026-03-14T13:09:41.982Z</time>
      </trkpt>
      <trkpt lat="43.078065" lon="-0.708969">
        <ele>434.623638</ele>
        <time>2026-03-14T13:09:56.563Z</time>
      </trkpt>
      <trkpt lat="43.077833" lon="-0.709037">
        <ele>435.575168</ele>
        <time>2026-03-14T13:10:06.269Z</time>
      </trkpt>
      <trkpt lat="43.077738" lon="-0.709033">
        <ele>435.956350</ele>
        <time>2026-03-14T13:10:09.815Z</time>
      </trkpt>
      <trkpt lat="43.077601" lon="-0.708998">
        <ele>436.515279</ele>
        <time>2026-03-14T13:10:14.699Z</time>
      </trkpt>
      <trkpt lat="43.077071" lon="-0.708700">
        <ele>438.813148</ele>
        <time>2026-03-14T13:10:28.711Z</time>
      </trkpt>
      <trkpt lat="43.076907" lon="-0.708670">
        <ele>439.476722</ele>
        <time>2026-03-14T13:10:30.888Z</time>
      </trkpt>
      <trkpt lat="43.076729" lon="-0.708677">
        <ele>440.146233</ele>
        <time>2026-03-14T13:10:33.621Z</time>
      </trkpt>
      <trkpt lat="43.076377" lon="-0.708800">
        <ele>440.438961</ele>
        <time>2026-03-14T13:10:40.463Z</time>
      </trkpt>
      <trkpt lat="43.076060" lon="-0.709025">
        <ele>440.726682</ele>
        <time>2026-03-14T13:10:47.020Z</time>
      </trkpt>
      <trkpt lat="43.075927" lon="-0.709090">
        <ele>440.840475</ele>
        <time>2026-03-14T13:10:49.496Z</time>
      </trkpt>
      <trkpt lat="43.075393" lon="-0.709152">
        <ele>441.272307</ele>
        <time>2026-03-14T13:10:59.316Z</time>
      </trkpt>
      <trkpt lat="43.074706" lon="-0.709434">
        <ele>441.901777</ele>
        <time>2026-03-14T13:11:11.435Z</time>
      </trkpt>
      <trkpt lat="43.074435" lon="-0.709645">
        <ele>442.201691</ele>
        <time>2026-03-14T13:11:16.911Z</time>
      </trkpt>
      <trkpt lat="43.074384" lon="-0.709753">
        <ele>442.292061</ele>
        <time>2026-03-14T13:11:18.416Z</time>
      </trkpt>
      <trkpt lat="43.074283" lon="-0.710124">
        <ele>442.570281</ele>
        <time>2026-03-14T13:11:22.821Z</time>
      </trkpt>
      <trkpt lat="43.074252" lon="-0.710169">
        <ele>442.613747</ele>
        <time>2026-03-14T13:11:23.485Z</time>
      </trkpt>
      <trkpt lat="43.074192" lon="-0.710255">
        <ele>442.697315</ele>
        <time>2026-03-14T13:11:24.722Z</time>
      </trkpt>
      <trkpt lat="43.074093" lon="-0.710326">
        <ele>442.804830</ele>
        <time>2026-03-14T13:11:26.382Z</time>
      </trkpt>
      <trkpt lat="43.073837" lon="-0.710300">
        <ele>443.051777</ele>
        <time>2026-03-14T13:11:30.357Z</time>
      </trkpt>
      <trkpt lat="43.073209" lon="-0.709792">
        <ele>447.202882</ele>
        <time>2026-03-14T13:11:48.009Z</time>
      </trkpt>
      <trkpt lat="43.072900" lon="-0.709333">
        <ele>451.088815</ele>
        <time>2026-03-14T13:12:11.000Z</time>
      </trkpt>
      <trkpt lat="43.072785" lon="-0.709095">
        <ele>452.865315</ele>
        <time>2026-03-14T13:12:23.460Z</time>
      </trkpt>
      <trkpt lat="43.072679" lon="-0.708450">
        <ele>456.981171</ele>
        <time>2026-03-14T13:12:55.314Z</time>
      </trkpt>
      <trkpt lat="43.072512" lon="-0.708027">
        <ele>459.989981</ele>
        <time>2026-03-14T13:13:18.982Z</time>
      </trkpt>
      <trkpt lat="43.072334" lon="-0.707725">
        <ele>462.433734</ele>
        <time>2026-03-14T13:13:36.970Z</time>
      </trkpt>
      <trkpt lat="43.072183" lon="-0.707530">
        <ele>464.223337</ele>
        <time>2026-03-14T13:13:49.864Z</time>
      </trkpt>
      <trkpt lat="43.071760" lon="-0.707136">
        <ele>468.634125</ele>
        <time>2026-03-14T13:14:16.163Z</time>
      </trkpt>
      <trkpt lat="43.071553" lon="-0.707006">
        <ele>470.597512</ele>
        <time>2026-03-14T13:14:25.241Z</time>
      </trkpt>
      <trkpt lat="43.071003" lon="-0.706748">
        <ele>474.800282</ele>
        <time>2026-03-14T13:14:43.674Z</time>
      </trkpt>
      <trkpt lat="43.070652" lon="-0.706684">
        <ele>476.160596</ele>
        <time>2026-03-14T13:14:53.130Z</time>
      </trkpt>
      <trkpt lat="43.069894" lon="-0.706637">
        <ele>479.075522</ele>
        <time>2026-03-14T13:15:14.680Z</time>
      </trkpt>
      <trkpt lat="43.069311" lon="-0.706447">
        <ele>481.199786</ele>
        <time>2026-03-14T13:15:33.662Z</time>
      </trkpt>
      <trkpt lat="43.069140" lon="-0.706339">
        <ele>481.518865</ele>
        <time>2026-03-14T13:15:39.958Z</time>
      </trkpt>
      <trkpt lat="43.069054" lon="-0.706244">
        <ele>481.706104</ele>
        <time>2026-03-14T13:15:43.572Z</time>
      </trkpt>
      <trkpt lat="43.069006" lon="-0.706094">
        <ele>481.908798</ele>
        <time>2026-03-14T13:15:47.440Z</time>
      </trkpt>
      <trkpt lat="43.069123" lon="-0.705675">
        <ele>482.464011</ele>
        <time>2026-03-14T13:15:57.345Z</time>
      </trkpt>
      <trkpt lat="43.069161" lon="-0.705285">
        <ele>482.951008</ele>
        <time>2026-03-14T13:16:04.453Z</time>
      </trkpt>
      <trkpt lat="43.069204" lon="-0.705092">
        <ele>483.200757</ele>
        <time>2026-03-14T13:16:07.258Z</time>
      </trkpt>
      <trkpt lat="43.069340" lon="-0.704823">
        <ele>483.605670</ele>
        <time>2026-03-14T13:16:10.454Z</time>
      </trkpt>
      <trkpt lat="43.069471" lon="-0.704640">
        <ele>483.922798</ele>
        <time>2026-03-14T13:16:12.535Z</time>
      </trkpt>
      <trkpt lat="43.069656" lon="-0.704486">
        <ele>484.088947</ele>
        <time>2026-03-14T13:16:14.719Z</time>
      </trkpt>
      <trkpt lat="43.069871" lon="-0.704382">
        <ele>484.051198</ele>
        <time>2026-03-14T13:16:16.978Z</time>
      </trkpt>
      <trkpt lat="43.070019" lon="-0.704232">
        <ele>484.020713</ele>
        <time>2026-03-14T13:16:18.847Z</time>
      </trkpt>
      <trkpt lat="43.070128" lon="-0.704043">
        <ele>483.991591</ele>
        <time>2026-03-14T13:16:20.694Z</time>
      </trkpt>
      <trkpt lat="43.070310" lon="-0.703883">
        <ele>483.955784</ele>
        <time>2026-03-14T13:16:23.086Z</time>
      </trkpt>
      <trkpt lat="43.070423" lon="-0.703642">
        <ele>483.921152</ele>
        <time>2026-03-14T13:16:25.666Z</time>
      </trkpt>
      <trkpt lat="43.070434" lon="-0.703537">
        <ele>483.908324</ele>
        <time>2026-03-14T13:16:26.751Z</time>
      </trkpt>
      <trkpt lat="43.070417" lon="-0.703450">
        <ele>483.897433</ele>
        <time>2026-03-14T13:16:27.789Z</time>
      </trkpt>
      <trkpt lat="43.070337" lon="-0.703352">
        <ele>483.879660</ele>
        <time>2026-03-14T13:16:29.584Z</time>
      </trkpt>
      <trkpt lat="43.069947" lon="-0.703134">
        <ele>483.809922</ele>
        <time>2026-03-14T13:16:39.545Z</time>
      </trkpt>
      <trkpt lat="43.069791" lon="-0.702957">
        <ele>485.247580</ele>
        <time>2026-03-14T13:16:46.419Z</time>
      </trkpt>
      <trkpt lat="43.069600" lon="-0.702594">
        <ele>487.629455</ele>
        <time>2026-03-14T13:17:00.557Z</time>
      </trkpt>
      <trkpt lat="43.069182" lon="-0.702234">
        <ele>491.228815</ele>
        <time>2026-03-14T13:17:25.469Z</time>
      </trkpt>
      <trkpt lat="43.069062" lon="-0.702091">
        <ele>492.388401</ele>
        <time>2026-03-14T13:17:33.232Z</time>
      </trkpt>
      <trkpt lat="43.068677" lon="-0.701793">
        <ele>495.611952</ele>
        <time>2026-03-14T13:17:54.399Z</time>
      </trkpt>
      <trkpt lat="43.068584" lon="-0.701667">
        <ele>496.565636</ele>
        <time>2026-03-14T13:18:00.602Z</time>
      </trkpt>
      <trkpt lat="43.068324" lon="-0.700948">
        <ele>502.141732</ele>
        <time>2026-03-14T13:18:29.619Z</time>
      </trkpt>
      <trkpt lat="43.068005" lon="-0.699819">
        <ele>510.732394</ele>
        <time>2026-03-14T13:19:18.210Z</time>
      </trkpt>
      <trkpt lat="43.067906" lon="-0.699600">
        <ele>512.560085</ele>
        <time>2026-03-14T13:19:28.846Z</time>
      </trkpt>
      <trkpt lat="43.067613" lon="-0.699195">
        <ele>516.724739</ele>
        <time>2026-03-14T13:19:53.175Z</time>
      </trkpt>
      <trkpt lat="43.067543" lon="-0.699057">
        <ele>517.981423</ele>
        <time>2026-03-14T13:20:00.461Z</time>
      </trkpt>
      <trkpt lat="43.067422" lon="-0.698711">
        <ele>520.850797</ele>
        <time>2026-03-14T13:20:17.403Z</time>
      </trkpt>
      <trkpt lat="43.066733" lon="-0.697667">
        <ele>531.374760</ele>
        <time>2026-03-14T13:21:15.230Z</time>
      </trkpt>
      <trkpt lat="43.066643" lon="-0.697571">
        <ele>532.543030</ele>
        <time>2026-03-14T13:21:21.154Z</time>
      </trkpt>
      <trkpt lat="43.066371" lon="-0.697426">
        <ele>535.107392</ele>
        <time>2026-03-14T13:21:35.817Z</time>
      </trkpt>
      <trkpt lat="43.066023" lon="-0.697372">
        <ele>538.134781</ele>
        <time>2026-03-14T13:21:52.741Z</time>
      </trkpt>
      <trkpt lat="43.065821" lon="-0.697287">
        <ele>539.961520</ele>
        <time>2026-03-14T13:22:02.820Z</time>
      </trkpt>
      <trkpt lat="43.065194" lon="-0.696723">
        <ele>546.446896</ele>
        <time>2026-03-14T13:22:38.767Z</time>
      </trkpt>
      <trkpt lat="43.064935" lon="-0.696588">
        <ele>548.840600</ele>
        <time>2026-03-14T13:22:52.705Z</time>
      </trkpt>
      <trkpt lat="43.064748" lon="-0.696348">
        <ele>551.047679</ele>
        <time>2026-03-14T13:23:05.750Z</time>
      </trkpt>
      <trkpt lat="43.064580" lon="-0.696187">
        <ele>552.813407</ele>
        <time>2026-03-14T13:23:16.149Z</time>
      </trkpt>
      <trkpt lat="43.064432" lon="-0.696149">
        <ele>554.109880</ele>
        <time>2026-03-14T13:23:23.716Z</time>
      </trkpt>
      <trkpt lat="43.064133" lon="-0.696148">
        <ele>556.684213</ele>
        <time>2026-03-14T13:23:38.584Z</time>
      </trkpt>
      <trkpt lat="43.063761" lon="-0.695971">
        <ele>560.075051</ele>
        <time>2026-03-14T13:23:57.194Z</time>
      </trkpt>
      <trkpt lat="43.063346" lon="-0.696044">
        <ele>563.677497</ele>
        <time>2026-03-14T13:24:17.119Z</time>
      </trkpt>
      <trkpt lat="43.063226" lon="-0.696019">
        <ele>564.876969</ele>
        <time>2026-03-14T13:24:23.141Z</time>
      </trkpt>
      <trkpt lat="43.063034" lon="-0.695922">
        <ele>566.947597</ele>
        <time>2026-03-14T13:24:33.655Z</time>
      </trkpt>
      <trkpt lat="43.062771" lon="-0.695685">
        <ele>570.133368</ele>
        <time>2026-03-14T13:24:50.763Z</time>
      </trkpt>
      <trkpt lat="43.062667" lon="-0.695548">
        <ele>571.593725</ele>
        <time>2026-03-14T13:24:58.885Z</time>
      </trkpt>
      <trkpt lat="43.062450" lon="-0.695190">
        <ele>575.032152</ele>
        <time>2026-03-14T13:25:18.341Z</time>
      </trkpt>
      <trkpt lat="43.062256" lon="-0.694781">
        <ele>578.636668</ele>
        <time>2026-03-14T13:25:39.239Z</time>
      </trkpt>
      <trkpt lat="43.061999" lon="-0.694449">
        <ele>582.176348</ele>
        <time>2026-03-14T13:26:00.387Z</time>
      </trkpt>
      <trkpt lat="43.061926" lon="-0.694404">
        <ele>582.819944</ele>
        <time>2026-03-14T13:26:05.185Z</time>
      </trkpt>
      <trkpt lat="43.061858" lon="-0.694428">
        <ele>583.384459</ele>
        <time>2026-03-14T13:26:09.451Z</time>
      </trkpt>
      <trkpt lat="43.061785" lon="-0.694691">
        <ele>585.036831</ele>
        <time>2026-03-14T13:26:21.499Z</time>
      </trkpt>
      <trkpt lat="43.061719" lon="-0.694794">
        <ele>585.841470</ele>
        <time>2026-03-14T13:26:27.247Z</time>
      </trkpt>
      <trkpt lat="43.061603" lon="-0.694843">
        <ele>586.817360</ele>
        <time>2026-03-14T13:26:33.985Z</time>
      </trkpt>
      <trkpt lat="43.061483" lon="-0.694793">
        <ele>587.825715</ele>
        <time>2026-03-14T13:26:40.684Z</time>
      </trkpt>
      <trkpt lat="43.060885" lon="-0.694372">
        <ele>593.231519</ele>
        <time>2026-03-14T13:27:13.169Z</time>
      </trkpt>
      <trkpt lat="43.060395" lon="-0.693751">
        <ele>596.064998</ele>
        <time>2026-03-14T13:27:35.473Z</time>
      </trkpt>
      <trkpt lat="43.060233" lon="-0.693451">
        <ele>595.614830</ele>
        <time>2026-03-14T13:27:40.913Z</time>
      </trkpt>
      <trkpt lat="43.060041" lon="-0.693226">
        <ele>595.197359</ele>
        <time>2026-03-14T13:27:44.243Z</time>
      </trkpt>
      <trkpt lat="43.059519" lon="-0.692581">
        <ele>594.035834</ele>
        <time>2026-03-14T13:27:51.239Z</time>
      </trkpt>
      <trkpt lat="43.059431" lon="-0.692508">
        <ele>593.865878</ele>
        <time>2026-03-14T13:27:52.182Z</time>
      </trkpt>
      <trkpt lat="43.059310" lon="-0.692483">
        <ele>593.663766</ele>
        <time>2026-03-14T13:27:53.289Z</time>
      </trkpt>
      <trkpt lat="43.059076" lon="-0.692569">
        <ele>592.257494</ele>
        <time>2026-03-14T13:27:55.446Z</time>
      </trkpt>
      <trkpt lat="43.058983" lon="-0.692574">
        <ele>591.515155</ele>
        <time>2026-03-14T13:27:56.271Z</time>
      </trkpt>
      <trkpt lat="43.058974" lon="-0.692478">
        <ele>590.951112</ele>
        <time>2026-03-14T13:27:56.897Z</time>
      </trkpt>
      <trkpt lat="43.059042" lon="-0.692168">
        <ele>589.064878</ele>
        <time>2026-03-14T13:27:58.985Z</time>
      </trkpt>
      <trkpt lat="43.059056" lon="-0.691632">
        <ele>585.939255</ele>
        <time>2026-03-14T13:28:02.443Z</time>
      </trkpt>
      <trkpt lat="43.058991" lon="-0.691261">
        <ele>583.715902</ele>
        <time>2026-03-14T13:28:04.889Z</time>
      </trkpt>
      <trkpt lat="43.058909" lon="-0.691036">
        <ele>582.250614</ele>
        <time>2026-03-14T13:28:06.494Z</time>
      </trkpt>
      <trkpt lat="43.058737" lon="-0.690710">
        <ele>579.907248</ele>
        <time>2026-03-14T13:28:09.062Z</time>
      </trkpt>
      <trkpt lat="43.058573" lon="-0.690481">
        <ele>578.472033</ele>
        <time>2026-03-14T13:28:11.097Z</time>
      </trkpt>
      <trkpt lat="43.058273" lon="-0.690147">
        <ele>576.558533</ele>
        <time>2026-03-14T13:28:14.461Z</time>
      </trkpt>
      <trkpt lat="43.057896" lon="-0.689848">
        <ele>574.402570</ele>
        <time>2026-03-14T13:28:18.342Z</time>
      </trkpt>
      <trkpt lat="43.057637" lon="-0.689777">
        <ele>573.095590</ele>
        <time>2026-03-14T13:28:20.831Z</time>
      </trkpt>
      <trkpt lat="43.057415" lon="-0.689794">
        <ele>571.995421</ele>
        <time>2026-03-14T13:28:23.125Z</time>
      </trkpt>
      <trkpt lat="43.057191" lon="-0.689880">
        <ele>570.844290</ele>
        <time>2026-03-14T13:28:26.475Z</time>
      </trkpt>
      <trkpt lat="43.057102" lon="-0.689883">
        <ele>570.403786</ele>
        <time>2026-03-14T13:28:28.404Z</time>
      </trkpt>
      <trkpt lat="43.056711" lon="-0.689786">
        <ele>569.714253</ele>
        <time>2026-03-14T13:28:40.222Z</time>
      </trkpt>
      <trkpt lat="43.056657" lon="-0.689826">
        <ele>569.620876</ele>
        <time>2026-03-14T13:28:41.872Z</time>
      </trkpt>
      <trkpt lat="43.056538" lon="-0.690012">
        <ele>569.346167</ele>
        <time>2026-03-14T13:28:46.355Z</time>
      </trkpt>
      <trkpt lat="43.056160" lon="-0.690376">
        <ele>568.643291</ele>
        <time>2026-03-14T13:28:55.404Z</time>
      </trkpt>
      <trkpt lat="43.056002" lon="-0.690478">
        <ele>568.377624</ele>
        <time>2026-03-14T13:28:57.535Z</time>
      </trkpt>
      <trkpt lat="43.055952" lon="-0.690461">
        <ele>568.299276</ele>
        <time>2026-03-14T13:28:58.101Z</time>
      </trkpt>
      <trkpt lat="43.055941" lon="-0.690396">
        <ele>568.225137</ele>
        <time>2026-03-14T13:28:58.603Z</time>
      </trkpt>
      <trkpt lat="43.056017" lon="-0.689876">
        <ele>567.635876</ele>
        <time>2026-03-14T13:29:02.280Z</time>
      </trkpt>
      <trkpt lat="43.056016" lon="-0.689702">
        <ele>566.683775</ele>
        <time>2026-03-14T13:29:03.406Z</time>
      </trkpt>
      <trkpt lat="43.055961" lon="-0.689401">
        <ele>563.797848</ele>
        <time>2026-03-14T13:29:05.356Z</time>
      </trkpt>
      <trkpt lat="43.055954" lon="-0.689174">
        <ele>561.684555</ele>
        <time>2026-03-14T13:29:06.747Z</time>
      </trkpt>
      <trkpt lat="43.055984" lon="-0.688917">
        <ele>559.263789</ele>
        <time>2026-03-14T13:29:08.327Z</time>
      </trkpt>
      <trkpt lat="43.056121" lon="-0.688373">
        <ele>553.911742</ele>
        <time>2026-03-14T13:29:11.817Z</time>
      </trkpt>
      <trkpt lat="43.056127" lon="-0.688257">
        <ele>552.830085</ele>
        <time>2026-03-14T13:29:12.524Z</time>
      </trkpt>
      <trkpt lat="43.055960" lon="-0.687748">
        <ele>547.640314</ele>
        <time>2026-03-14T13:29:15.922Z</time>
      </trkpt>
      <trkpt lat="43.055939" lon="-0.687407">
        <ele>544.419050</ele>
        <time>2026-03-14T13:29:18.008Z</time>
      </trkpt>
      <trkpt lat="43.055893" lon="-0.687108">
        <ele>541.011109</ele>
        <time>2026-03-14T13:29:19.872Z</time>
      </trkpt>
      <trkpt lat="43.055892" lon="-0.686778">
        <ele>537.330501</ele>
        <time>2026-03-14T13:29:21.878Z</time>
      </trkpt>
      <trkpt lat="43.055834" lon="-0.686261">
        <ele>531.496695</ele>
        <time>2026-03-14T13:29:25.042Z</time>
      </trkpt>
      <trkpt lat="43.055862" lon="-0.686068">
        <ele>529.302095</ele>
        <time>2026-03-14T13:29:26.233Z</time>
      </trkpt>
      <trkpt lat="43.055949" lon="-0.685753">
        <ele>525.546216</ele>
        <time>2026-03-14T13:29:28.260Z</time>
      </trkpt>
      <trkpt lat="43.055988" lon="-0.685475">
        <ele>522.388983</ele>
        <time>2026-03-14T13:29:29.967Z</time>
      </trkpt>
      <trkpt lat="43.055992" lon="-0.685137">
        <ele>518.618693</ele>
        <time>2026-03-14T13:29:32.007Z</time>
      </trkpt>
      <trkpt lat="43.055912" lon="-0.684594">
        <ele>514.440333</ele>
        <time>2026-03-14T13:29:35.374Z</time>
      </trkpt>
      <trkpt lat="43.055754" lon="-0.684377">
        <ele>512.460759</ele>
        <time>2026-03-14T13:29:37.252Z</time>
      </trkpt>
      <trkpt lat="43.055590" lon="-0.684303">
        <ele>510.933607</ele>
        <time>2026-03-14T13:29:38.723Z</time>
      </trkpt>
      <trkpt lat="43.055467" lon="-0.684300">
        <ele>509.845668</ele>
        <time>2026-03-14T13:29:39.780Z</time>
      </trkpt>
      <trkpt lat="43.055021" lon="-0.684398">
        <ele>505.850892</ele>
        <time>2026-03-14T13:29:43.801Z</time>
      </trkpt>
      <trkpt lat="43.054877" lon="-0.684489">
        <ele>504.448196</ele>
        <time>2026-03-14T13:29:45.304Z</time>
      </trkpt>
      <trkpt lat="43.054824" lon="-0.684565">
        <ele>503.769311</ele>
        <time>2026-03-14T13:29:46.065Z</time>
      </trkpt>
      <trkpt lat="43.054725" lon="-0.684838">
        <ele>501.799862</ele>
        <time>2026-03-14T13:29:48.364Z</time>
      </trkpt>
      <trkpt lat="43.054662" lon="-0.684922">
        <ele>501.135812</ele>
        <time>2026-03-14T13:29:49.303Z</time>
      </trkpt>
      <trkpt lat="43.054345" lon="-0.684925">
        <ele>499.530557</ele>
        <time>2026-03-14T13:29:52.817Z</time>
      </trkpt>
      <trkpt lat="43.054206" lon="-0.685002">
        <ele>498.771215</ele>
        <time>2026-03-14T13:29:54.528Z</time>
      </trkpt>
      <trkpt lat="43.053905" lon="-0.685269">
        <ele>496.954844</ele>
        <time>2026-03-14T13:29:58.446Z</time>
      </trkpt>
      <trkpt lat="43.053770" lon="-0.685316">
        <ele>496.249461</ele>
        <time>2026-03-14T13:29:59.864Z</time>
      </trkpt>
      <trkpt lat="43.053420" lon="-0.685126">
        <ele>494.342793</ele>
        <time>2026-03-14T13:30:03.441Z</time>
      </trkpt>
      <trkpt lat="43.053377" lon="-0.685069">
        <ele>494.039651</ele>
        <time>2026-03-14T13:30:03.984Z</time>
      </trkpt>
      <trkpt lat="43.053361" lon="-0.684999">
        <ele>493.768261</ele>
        <time>2026-03-14T13:30:04.465Z</time>
      </trkpt>
      <trkpt lat="43.053363" lon="-0.684903">
        <ele>493.412898</ele>
        <time>2026-03-14T13:30:05.084Z</time>
      </trkpt>
      <trkpt lat="43.053480" lon="-0.684381">
        <ele>490.313780</ele>
        <time>2026-03-14T13:30:08.529Z</time>
      </trkpt>
      <trkpt lat="43.053526" lon="-0.684309">
        <ele>489.475277</ele>
        <time>2026-03-14T13:30:09.115Z</time>
      </trkpt>
      <trkpt lat="43.053757" lon="-0.684211">
        <ele>486.573561</ele>
        <time>2026-03-14T13:30:11.144Z</time>
      </trkpt>
      <trkpt lat="43.053922" lon="-0.684154">
        <ele>484.531751</ele>
        <time>2026-03-14T13:30:12.561Z</time>
      </trkpt>
      <trkpt lat="43.054506" lon="-0.683597">
        <ele>475.990985</ele>
        <time>2026-03-14T13:30:18.487Z</time>
      </trkpt>
      <trkpt lat="43.054583" lon="-0.683480">
        <ele>474.610511</ele>
        <time>2026-03-14T13:30:19.456Z</time>
      </trkpt>
      <trkpt lat="43.054868" lon="-0.682709">
        <ele>468.053017</ele>
        <time>2026-03-14T13:30:24.871Z</time>
      </trkpt>
      <trkpt lat="43.054873" lon="-0.682628">
        <ele>467.543823</ele>
        <time>2026-03-14T13:30:25.398Z</time>
      </trkpt>
      <trkpt lat="43.054833" lon="-0.682539">
        <ele>466.889309</ele>
        <time>2026-03-14T13:30:26.079Z</time>
      </trkpt>
      <trkpt lat="43.054778" lon="-0.682499">
        <ele>466.355373</ele>
        <time>2026-03-14T13:30:26.636Z</time>
      </trkpt>
      <trkpt lat="43.054173" lon="-0.682337">
        <ele>461.070586</ele>
        <time>2026-03-14T13:30:32.266Z</time>
      </trkpt>
      <trkpt lat="43.054141" lon="-0.682297">
        <ele>460.699054</ele>
        <time>2026-03-14T13:30:32.658Z</time>
      </trkpt>
      <trkpt lat="43.054166" lon="-0.682059">
        <ele>459.192873</ele>
        <time>2026-03-14T13:30:34.230Z</time>
      </trkpt>
      <trkpt lat="43.054165" lon="-0.681458">
        <ele>455.428141</ele>
        <time>2026-03-14T13:30:38.079Z</time>
      </trkpt>
      <trkpt lat="43.054135" lon="-0.681182">
        <ele>452.664592</ele>
        <time>2026-03-14T13:30:39.828Z</time>
      </trkpt>
      <trkpt lat="43.054099" lon="-0.680941">
        <ele>450.080729</ele>
        <time>2026-03-14T13:30:41.349Z</time>
      </trkpt>
      <trkpt lat="43.053983" lon="-0.680523">
        <ele>445.383987</ele>
        <time>2026-03-14T13:30:44.087Z</time>
      </trkpt>
      <trkpt lat="43.053855" lon="-0.680201">
        <ele>441.533521</ele>
        <time>2026-03-14T13:30:46.305Z</time>
      </trkpt>
      <trkpt lat="43.053459" lon="-0.679296">
        <ele>430.453053</ele>
        <time>2026-03-14T13:30:52.650Z</time>
      </trkpt>
      <trkpt lat="43.053003" lon="-0.678098">
        <ele>417.371998</ele>
        <time>2026-03-14T13:31:00.806Z</time>
      </trkpt>
      <trkpt lat="43.052926" lon="-0.678019">
        <ele>416.105943</ele>
        <time>2026-03-14T13:31:01.607Z</time>
      </trkpt>
      <trkpt lat="43.052782" lon="-0.677972">
        <ele>414.158388</ele>
        <time>2026-03-14T13:31:02.848Z</time>
      </trkpt>
      <trkpt lat="43.052650" lon="-0.677964">
        <ele>412.420133</ele>
        <time>2026-03-14T13:31:03.968Z</time>
      </trkpt>
      <trkpt lat="43.052160" lon="-0.678023">
        <ele>405.948936</ele>
        <time>2026-03-14T13:31:08.200Z</time>
      </trkpt>
      <trkpt lat="43.052087" lon="-0.677996">
        <ele>405.476869</ele>
        <time>2026-03-14T13:31:08.876Z</time>
      </trkpt>
      <trkpt lat="43.051955" lon="-0.677886">
        <ele>404.944722</ele>
        <time>2026-03-14T13:31:10.270Z</time>
      </trkpt>
      <trkpt lat="43.051307" lon="-0.677206">
        <ele>402.133005</ele>
        <time>2026-03-14T13:31:18.286Z</time>
      </trkpt>
      <trkpt lat="43.051252" lon="-0.676938">
        <ele>401.432594</ele>
        <time>2026-03-14T13:31:20.520Z</time>
      </trkpt>
      <trkpt lat="43.050920" lon="-0.676791">
        <ele>400.231088</ele>
        <time>2026-03-14T13:31:24.680Z</time>
      </trkpt>
      <trkpt lat="43.050596" lon="-0.676527">
        <ele>399.740204</ele>
        <time>2026-03-14T13:31:30.654Z</time>
      </trkpt>
      <trkpt lat="43.050438" lon="-0.676456">
        <ele>400.029736</ele>
        <time>2026-03-14T13:31:34.052Z</time>
      </trkpt>
      <trkpt lat="43.050210" lon="-0.676441">
        <ele>400.427147</ele>
        <time>2026-03-14T13:31:38.285Z</time>
      </trkpt>
      <trkpt lat="43.050143" lon="-0.676346">
        <ele>400.595120</ele>
        <time>2026-03-14T13:31:39.831Z</time>
      </trkpt>
      <trkpt lat="43.050126" lon="-0.676183">
        <ele>400.804600</ele>
        <time>2026-03-14T13:31:41.793Z</time>
      </trkpt>
      <trkpt lat="43.050062" lon="-0.675917">
        <ele>401.160893</ele>
        <time>2026-03-14T13:31:45.303Z</time>
      </trkpt>
      <trkpt lat="43.050053" lon="-0.675872">
        <ele>401.220250</ele>
        <time>2026-03-14T13:31:45.952Z</time>
      </trkpt>
      <trkpt lat="43.050113" lon="-0.675793">
        <ele>401.365213</ele>
        <time>2026-03-14T13:31:47.667Z</time>
      </trkpt>
      <trkpt lat="43.050290" lon="-0.675493">
        <ele>401.855764</ele>
        <time>2026-03-14T13:31:54.271Z</time>
      </trkpt>
      <trkpt lat="43.050362" lon="-0.675369">
        <ele>402.057262</ele>
        <time>2026-03-14T13:31:57.448Z</time>
      </trkpt>
      <trkpt lat="43.050374" lon="-0.675356">
        <ele>402.083909</ele>
        <time>2026-03-14T13:31:57.871Z</time>
      </trkpt>
      <trkpt lat="43.050490" lon="-0.675274">
        <ele>402.311221</ele>
        <time>2026-03-14T13:32:01.760Z</time>
      </trkpt>
      <trkpt lat="43.050526" lon="-0.675250">
        <ele>402.380939</ele>
        <time>2026-03-14T13:32:02.984Z</time>
      </trkpt>
      <trkpt lat="43.050768" lon="-0.675010">
        <ele>403.876990</ele>
        <time>2026-03-14T13:32:12.846Z</time>
      </trkpt>
      <trkpt lat="43.050892" lon="-0.674754">
        <ele>405.535281</ele>
        <time>2026-03-14T13:32:20.884Z</time>
      </trkpt>
      <trkpt lat="43.050947" lon="-0.674550">
        <ele>406.709306</ele>
        <time>2026-03-14T13:32:26.753Z</time>
      </trkpt>
      <trkpt lat="43.050974" lon="-0.674393">
        <ele>407.580148</ele>
        <time>2026-03-14T13:32:31.175Z</time>
      </trkpt>
      <trkpt lat="43.050958" lon="-0.673837">
        <ele>410.584462</ele>
        <time>2026-03-14T13:32:48.539Z</time>
      </trkpt>
      <trkpt lat="43.050929" lon="-0.673556">
        <ele>412.116710</ele>
        <time>2026-03-14T13:32:59.134Z</time>
      </trkpt>
      <trkpt lat="43.050818" lon="-0.673095">
        <ele>414.737410</ele>
        <time>2026-03-14T13:33:18.762Z</time>
      </trkpt>
      <trkpt lat="43.050634" lon="-0.672626">
        <ele>418.045461</ele>
        <time>2026-03-14T13:33:41.622Z</time>
      </trkpt>
      <trkpt lat="43.050519" lon="-0.672434">
        <ele>419.723726</ele>
        <time>2026-03-14T13:33:52.907Z</time>
      </trkpt>
      <trkpt lat="43.050010" lon="-0.671748">
        <ele>426.332816</ele>
        <time>2026-03-14T13:34:34.390Z</time>
      </trkpt>
      <trkpt lat="43.049959" lon="-0.671631">
        <ele>427.253804</ele>
        <time>2026-03-14T13:34:39.420Z</time>
      </trkpt>
      <trkpt lat="43.049931" lon="-0.671427">
        <ele>428.657030</ele>
        <time>2026-03-14T13:34:46.745Z</time>
      </trkpt>
      <trkpt lat="43.049895" lon="-0.671366">
        <ele>429.187100</ele>
        <time>2026-03-14T13:34:49.405Z</time>
      </trkpt>
      <trkpt lat="43.049773" lon="-0.671231">
        <ele>430.638564</ele>
        <time>2026-03-14T13:34:56.918Z</time>
      </trkpt>
      <trkpt lat="43.049746" lon="-0.671115">
        <ele>431.461585</ele>
        <time>2026-03-14T13:35:01.133Z</time>
      </trkpt>
      <trkpt lat="43.049769" lon="-0.671032">
        <ele>432.061683</ele>
        <time>2026-03-14T13:35:03.717Z</time>
      </trkpt>
      <trkpt lat="43.049967" lon="-0.670756">
        <ele>433.290831</ele>
        <time>2026-03-14T13:35:14.542Z</time>
      </trkpt>
      <trkpt lat="43.050032" lon="-0.670534">
        <ele>433.864141</ele>
        <time>2026-03-14T13:35:20.233Z</time>
      </trkpt>
      <trkpt lat="43.050037" lon="-0.670414">
        <ele>434.152275</ele>
        <time>2026-03-14T13:35:22.791Z</time>
      </trkpt>
      <trkpt lat="43.049994" lon="-0.670148">
        <ele>434.805350</ele>
        <time>2026-03-14T13:35:26.863Z</time>
      </trkpt>
      <trkpt lat="43.049952" lon="-0.670036">
        <ele>435.107127</ele>
        <time>2026-03-14T13:35:28.502Z</time>
      </trkpt>
      <trkpt lat="43.049832" lon="-0.669860">
        <ele>435.684165</ele>
        <time>2026-03-14T13:35:30.935Z</time>
      </trkpt>
      <trkpt lat="43.049777" lon="-0.669692">
        <ele>436.125467</ele>
        <time>2026-03-14T13:35:32.669Z</time>
      </trkpt>
      <trkpt lat="43.049766" lon="-0.669465">
        <ele>436.670833</ele>
        <time>2026-03-14T13:35:35.868Z</time>
      </trkpt>
      <trkpt lat="43.049764" lon="-0.669191">
        <ele>437.327706</ele>
        <time>2026-03-14T13:35:40.932Z</time>
      </trkpt>
      <trkpt lat="43.049823" lon="-0.668797">
        <ele>438.291839</ele>
        <time>2026-03-14T13:35:49.446Z</time>
      </trkpt>
      <trkpt lat="43.049847" lon="-0.668651">
        <ele>438.854740</ele>
        <time>2026-03-14T13:35:52.945Z</time>
      </trkpt>
      <trkpt lat="43.049799" lon="-0.668387">
        <ele>440.110342</ele>
        <time>2026-03-14T13:35:59.270Z</time>
      </trkpt>
      <trkpt lat="43.049729" lon="-0.668193">
        <ele>441.108923</ele>
        <time>2026-03-14T13:36:04.918Z</time>
      </trkpt>
      <trkpt lat="43.049597" lon="-0.667993">
        <ele>442.352749</ele>
        <time>2026-03-14T13:36:13.118Z</time>
      </trkpt>
      <trkpt lat="43.049489" lon="-0.667892">
        <ele>443.178928</ele>
        <time>2026-03-14T13:36:18.720Z</time>
      </trkpt>
      <trkpt lat="43.049033" lon="-0.667597">
        <ele>446.364568</ele>
        <time>2026-03-14T13:36:42.844Z</time>
      </trkpt>
      <trkpt lat="43.048983" lon="-0.667509">
        <ele>446.879046</ele>
        <time>2026-03-14T13:36:46.867Z</time>
      </trkpt>
      <trkpt lat="43.048837" lon="-0.666998">
        <ele>449.411382</ele>
        <time>2026-03-14T13:37:06.365Z</time>
      </trkpt>
      <trkpt lat="43.048752" lon="-0.666683">
        <ele>450.538429</ele>
        <time>2026-03-14T13:37:15.685Z</time>
      </trkpt>
      <trkpt lat="43.048722" lon="-0.666407">
        <ele>451.361477</ele>
        <time>2026-03-14T13:37:22.093Z</time>
      </trkpt>
      <trkpt lat="43.048735" lon="-0.665992">
        <ele>452.586689</ele>
        <time>2026-03-14T13:37:29.889Z</time>
      </trkpt>
      <trkpt lat="43.048796" lon="-0.665591">
        <ele>453.794837</ele>
        <time>2026-03-14T13:37:36.749Z</time>
      </trkpt>
      <trkpt lat="43.048826" lon="-0.665480">
        <ele>454.143917</ele>
        <time>2026-03-14T13:37:38.530Z</time>
      </trkpt>
      <trkpt lat="43.048904" lon="-0.665346">
        <ele>454.649227</ele>
        <time>2026-03-14T13:37:41.375Z</time>
      </trkpt>
      <trkpt lat="43.049186" lon="-0.665135">
        <ele>455.946497</ele>
        <time>2026-03-14T13:37:50.119Z</time>
      </trkpt>
      <trkpt lat="43.049262" lon="-0.665042">
        <ele>456.358015</ele>
        <time>2026-03-14T13:37:53.226Z</time>
      </trkpt>
      <trkpt lat="43.049384" lon="-0.664804">
        <ele>457.319337</ele>
        <time>2026-03-14T13:38:00.031Z</time>
      </trkpt>
      <trkpt lat="43.049493" lon="-0.664468">
        <ele>459.082667</ele>
        <time>2026-03-14T13:38:09.174Z</time>
      </trkpt>
      <trkpt lat="43.049704" lon="-0.663285">
        <ele>464.923619</ele>
        <time>2026-03-14T13:38:48.708Z</time>
      </trkpt>
      <trkpt lat="43.049831" lon="-0.662814">
        <ele>467.331700</ele>
        <time>2026-03-14T13:39:06.238Z</time>
      </trkpt>
      <trkpt lat="43.050007" lon="-0.662491">
        <ele>469.195749</ele>
        <time>2026-03-14T13:39:19.117Z</time>
      </trkpt>
      <trkpt lat="43.050030" lon="-0.662353">
        <ele>469.760801</ele>
        <time>2026-03-14T13:39:23.433Z</time>
      </trkpt>
      <trkpt lat="43.050018" lon="-0.662181">
        <ele>470.450558</ele>
        <time>2026-03-14T13:39:28.481Z</time>
      </trkpt>
      <trkpt lat="43.049959" lon="-0.661897">
        <ele>471.629230</ele>
        <time>2026-03-14T13:39:36.630Z</time>
      </trkpt>
      <trkpt lat="43.049635" lon="-0.661099">
        <ele>475.273595</ele>
        <time>2026-03-14T13:39:59.523Z</time>
      </trkpt>
      <trkpt lat="43.049565" lon="-0.660848">
        <ele>476.346100</ele>
        <time>2026-03-14T13:40:06.196Z</time>
      </trkpt>
      <trkpt lat="43.049529" lon="-0.660636">
        <ele>477.214974</ele>
        <time>2026-03-14T13:40:11.501Z</time>
      </trkpt>
      <trkpt lat="43.049527" lon="-0.660080">
        <ele>479.443048</ele>
        <time>2026-03-14T13:40:25.813Z</time>
      </trkpt>
      <trkpt lat="43.049506" lon="-0.659902">
        <ele>480.170910</ele>
        <time>2026-03-14T13:40:30.384Z</time>
      </trkpt>
      <trkpt lat="43.049465" lon="-0.659797">
        <ele>480.651496</ele>
        <time>2026-03-14T13:40:33.408Z</time>
      </trkpt>
      <trkpt lat="43.049120" lon="-0.659279">
        <ele>483.480780</ele>
        <time>2026-03-14T13:40:50.855Z</time>
      </trkpt>
      <trkpt lat="43.049032" lon="-0.659074">
        <ele>484.440557</ele>
        <time>2026-03-14T13:40:56.766Z</time>
      </trkpt>
      <trkpt lat="43.048996" lon="-0.658926">
        <ele>485.070243</ele>
        <time>2026-03-14T13:41:00.647Z</time>
      </trkpt>
      <trkpt lat="43.048985" lon="-0.658807">
        <ele>485.554459</ele>
        <time>2026-03-14T13:41:03.653Z</time>
      </trkpt>
      <trkpt lat="43.049005" lon="-0.658663">
        <ele>486.146176</ele>
        <time>2026-03-14T13:41:07.389Z</time>
      </trkpt>
      <trkpt lat="43.049091" lon="-0.658282">
        <ele>487.755925</ele>
        <time>2026-03-14T13:41:18.244Z</time>
      </trkpt>
      <trkpt lat="43.049058" lon="-0.657904">
        <ele>489.813952</ele>
        <time>2026-03-14T13:41:30.364Z</time>
      </trkpt>
      <trkpt lat="43.048954" lon="-0.657691">
        <ele>491.646332</ele>
        <time>2026-03-14T13:41:39.624Z</time>
      </trkpt>
      <trkpt lat="43.048784" lon="-0.657542">
        <ele>493.622406</ele>
        <time>2026-03-14T13:41:49.945Z</time>
      </trkpt>
      <trkpt lat="43.048696" lon="-0.657498">
        <ele>494.539476</ele>
        <time>2026-03-14T13:41:54.972Z</time>
      </trkpt>
      <trkpt lat="43.048452" lon="-0.657491">
        <ele>496.928349</ele>
        <time>2026-03-14T13:42:08.698Z</time>
      </trkpt>
      <trkpt lat="43.048363" lon="-0.657436">
        <ele>497.884224</ele>
        <time>2026-03-14T13:42:14.572Z</time>
      </trkpt>
      <trkpt lat="43.048345" lon="-0.657425">
        <ele>498.077185</ele>
        <time>2026-03-14T13:42:15.705Z</time>
      </trkpt>
      <trkpt lat="43.048122" lon="-0.657434">
        <ele>500.260927</ele>
        <time>2026-03-14T13:42:29.388Z</time>
      </trkpt>
      <trkpt lat="43.047964" lon="-0.657391">
        <ele>501.837770</ele>
        <time>2026-03-14T13:42:39.239Z</time>
      </trkpt>
      <trkpt lat="43.047894" lon="-0.657340">
        <ele>502.614017</ele>
        <time>2026-03-14T13:42:44.106Z</time>
      </trkpt>
      <trkpt lat="43.047803" lon="-0.657237">
        <ele>503.769978</ele>
        <time>2026-03-14T13:42:51.386Z</time>
      </trkpt>
      <trkpt lat="43.047487" lon="-0.656679">
        <ele>508.358120</ele>
        <time>2026-03-14T13:43:22.046Z</time>
      </trkpt>
      <trkpt lat="43.047434" lon="-0.656530">
        <ele>509.332799</ele>
        <time>2026-03-14T13:43:28.554Z</time>
      </trkpt>
      <trkpt lat="43.047415" lon="-0.656371">
        <ele>510.280414</ele>
        <time>2026-03-14T13:43:34.337Z</time>
      </trkpt>
      <trkpt lat="43.047451" lon="-0.655960">
        <ele>512.715107</ele>
        <time>2026-03-14T13:43:48.110Z</time>
      </trkpt>
      <trkpt lat="43.047432" lon="-0.655524">
        <ele>515.284096</ele>
        <time>2026-03-14T13:44:02.097Z</time>
      </trkpt>
      <trkpt lat="43.047482" lon="-0.655030">
        <ele>518.217405</ele>
        <time>2026-03-14T13:44:16.869Z</time>
      </trkpt>
      <trkpt lat="43.047437" lon="-0.654846">
        <ele>519.358638</ele>
        <time>2026-03-14T13:44:22.489Z</time>
      </trkpt>
      <trkpt lat="43.047185" lon="-0.654409">
        <ele>522.186448</ele>
        <time>2026-03-14T13:44:39.320Z</time>
      </trkpt>
      <trkpt lat="43.046879" lon="-0.653945">
        <ele>525.013835</ele>
        <time>2026-03-14T13:44:59.249Z</time>
      </trkpt>
      <trkpt lat="43.046589" lon="-0.652805">
        <ele>530.474528</ele>
        <time>2026-03-14T13:45:34.700Z</time>
      </trkpt>
      <trkpt lat="43.046544" lon="-0.651769">
        <ele>535.338047</ele>
        <time>2026-03-14T13:45:59.729Z</time>
      </trkpt>
      <trkpt lat="43.046470" lon="-0.651350">
        <ele>537.386628</ele>
        <time>2026-03-14T13:46:11.409Z</time>
      </trkpt>
      <trkpt lat="43.046438" lon="-0.651148">
        <ele>538.368911</ele>
        <time>2026-03-14T13:46:17.183Z</time>
      </trkpt>
      <trkpt lat="43.046418" lon="-0.651021">
        <ele>538.986322</ele>
        <time>2026-03-14T13:46:20.946Z</time>
      </trkpt>
      <trkpt lat="43.046368" lon="-0.650899">
        <ele>539.651067</ele>
        <time>2026-03-14T13:46:25.150Z</time>
      </trkpt>
      <trkpt lat="43.046240" lon="-0.650675">
        <ele>541.002406</ele>
        <time>2026-03-14T13:46:34.101Z</time>
      </trkpt>
      <trkpt lat="43.045964" lon="-0.650431">
        <ele>543.139247</ele>
        <time>2026-03-14T13:46:49.325Z</time>
      </trkpt>
      <trkpt lat="43.045487" lon="-0.650316">
        <ele>547.612710</ele>
        <time>2026-03-14T13:47:15.895Z</time>
      </trkpt>
      <trkpt lat="43.045321" lon="-0.650177">
        <ele>549.485562</ele>
        <time>2026-03-14T13:47:27.305Z</time>
      </trkpt>
      <trkpt lat="43.045133" lon="-0.649828">
        <ele>552.534765</ele>
        <time>2026-03-14T13:47:45.482Z</time>
      </trkpt>
      <trkpt lat="43.044915" lon="-0.649245">
        <ele>557.140490</ele>
        <time>2026-03-14T13:48:11.728Z</time>
      </trkpt>
      <trkpt lat="43.044264" lon="-0.648572">
        <ele>564.249003</ele>
        <time>2026-03-14T13:48:53.749Z</time>
      </trkpt>
      <trkpt lat="43.043877" lon="-0.647990">
        <ele>568.792523</ele>
        <time>2026-03-14T13:49:20.329Z</time>
      </trkpt>
      <trkpt lat="43.043806" lon="-0.647844">
        <ele>569.805160</ele>
        <time>2026-03-14T13:49:25.985Z</time>
      </trkpt>
      <trkpt lat="43.043774" lon="-0.647746">
        <ele>570.424959</ele>
        <time>2026-03-14T13:49:29.421Z</time>
      </trkpt>
      <trkpt lat="43.043696" lon="-0.647373">
        <ele>572.665227</ele>
        <time>2026-03-14T13:49:41.588Z</time>
      </trkpt>
      <trkpt lat="43.043636" lon="-0.647256">
        <ele>573.490558</ele>
        <time>2026-03-14T13:49:45.984Z</time>
      </trkpt>
      <trkpt lat="43.043393" lon="-0.646953">
        <ele>576.163955</ele>
        <time>2026-03-14T13:50:00.039Z</time>
      </trkpt>
      <trkpt lat="43.043325" lon="-0.646736">
        <ele>577.626916</ele>
        <time>2026-03-14T13:50:07.614Z</time>
      </trkpt>
      <trkpt lat="43.043048" lon="-0.646245">
        <ele>581.470240</ele>
        <time>2026-03-14T13:50:28.398Z</time>
      </trkpt>
      <trkpt lat="43.042932" lon="-0.645875">
        <ele>583.964888</ele>
        <time>2026-03-14T13:50:42.803Z</time>
      </trkpt>
      <trkpt lat="43.042642" lon="-0.645504">
        <ele>587.330844</ele>
        <time>2026-03-14T13:51:03.628Z</time>
      </trkpt>
      <trkpt lat="43.042495" lon="-0.645131">
        <ele>589.956670</ele>
        <time>2026-03-14T13:51:20.736Z</time>
      </trkpt>
      <trkpt lat="43.042446" lon="-0.644534">
        <ele>592.856229</ele>
        <time>2026-03-14T13:51:45.783Z</time>
      </trkpt>
      <trkpt lat="43.042064" lon="-0.643268">
        <ele>599.276550</ele>
        <time>2026-03-14T13:52:27.734Z</time>
      </trkpt>
      <trkpt lat="43.042080" lon="-0.643108">
        <ele>600.033549</ele>
        <time>2026-03-14T13:52:31.251Z</time>
      </trkpt>
      <trkpt lat="43.042136" lon="-0.643046">
        <ele>600.495579</ele>
        <time>2026-03-14T13:52:33.221Z</time>
      </trkpt>
      <trkpt lat="43.042220" lon="-0.642999">
        <ele>601.077647</ele>
        <time>2026-03-14T13:52:35.673Z</time>
      </trkpt>
      <trkpt lat="43.042352" lon="-0.643015">
        <ele>601.866595</ele>
        <time>2026-03-14T13:52:38.907Z</time>
      </trkpt>
      <trkpt lat="43.042547" lon="-0.643247">
        <ele>602.422315</ele>
        <time>2026-03-14T13:52:44.280Z</time>
      </trkpt>
      <trkpt lat="43.042909" lon="-0.643521">
        <ele>603.311991</ele>
        <time>2026-03-14T13:52:50.454Z</time>
      </trkpt>
      <trkpt lat="43.043817" lon="-0.644835">
        <ele>607.076795</ele>
        <time>2026-03-14T13:53:20.775Z</time>
      </trkpt>
      <trkpt lat="43.043872" lon="-0.644881">
        <ele>607.499444</ele>
        <time>2026-03-14T13:53:22.885Z</time>
      </trkpt>
      <trkpt lat="43.043954" lon="-0.644856">
        <ele>608.050276</ele>
        <time>2026-03-14T13:53:25.723Z</time>
      </trkpt>
      <trkpt lat="43.043996" lon="-0.644772">
        <ele>608.537975</ele>
        <time>2026-03-14T13:53:28.352Z</time>
      </trkpt>
      <trkpt lat="43.043977" lon="-0.644658">
        <ele>609.098268</ele>
        <time>2026-03-14T13:53:31.405Z</time>
      </trkpt>
      <trkpt lat="43.043703" lon="-0.644281">
        <ele>611.646018</ele>
        <time>2026-03-14T13:53:47.282Z</time>
      </trkpt>
      <trkpt lat="43.043659" lon="-0.643910">
        <ele>613.447047</ele>
        <time>2026-03-14T13:54:00.107Z</time>
      </trkpt>
      <trkpt lat="43.043492" lon="-0.643579">
        <ele>615.374395</ele>
        <time>2026-03-14T13:54:15.204Z</time>
      </trkpt>
      <trkpt lat="43.043280" lon="-0.642632">
        <ele>621.785019</ele>
        <time>2026-03-14T13:54:51.137Z</time>
      </trkpt>
      <trkpt lat="43.043264" lon="-0.642435">
        <ele>623.337513</ele>
        <time>2026-03-14T13:54:59.132Z</time>
      </trkpt>
      <trkpt lat="43.043256" lon="-0.641827">
        <ele>628.100424</ele>
        <time>2026-03-14T13:55:25.817Z</time>
      </trkpt>
      <trkpt lat="43.043319" lon="-0.641304">
        <ele>632.252072</ele>
        <time>2026-03-14T13:55:51.860Z</time>
      </trkpt>
      <trkpt lat="43.043431" lon="-0.641019">
        <ele>634.786572</ele>
        <time>2026-03-14T13:56:06.745Z</time>
      </trkpt>
      <trkpt lat="43.043622" lon="-0.640778">
        <ele>637.552888</ele>
        <time>2026-03-14T13:56:20.942Z</time>
      </trkpt>
      <trkpt lat="43.043780" lon="-0.640488">
        <ele>640.321600</ele>
        <time>2026-03-14T13:56:35.953Z</time>
      </trkpt>
      <trkpt lat="43.043793" lon="-0.640275">
        <ele>641.957654</ele>
        <time>2026-03-14T13:56:45.117Z</time>
      </trkpt>
      <trkpt lat="43.043770" lon="-0.640135">
        <ele>643.056007</ele>
        <time>2026-03-14T13:56:51.347Z</time>
      </trkpt>
      <trkpt lat="43.043739" lon="-0.640010">
        <ele>644.066390</ele>
        <time>2026-03-14T13:56:57.283Z</time>
      </trkpt>
      <trkpt lat="43.043631" lon="-0.639889">
        <ele>645.528333</ele>
        <time>2026-03-14T13:57:05.762Z</time>
      </trkpt>
      <trkpt lat="43.043478" lon="-0.639717">
        <ele>647.602252</ele>
        <time>2026-03-14T13:57:17.853Z</time>
      </trkpt>
      <trkpt lat="43.043268" lon="-0.639329">
        <ele>651.297909</ele>
        <time>2026-03-14T13:57:39.728Z</time>
      </trkpt>
      <trkpt lat="43.043209" lon="-0.639162">
        <ele>652.717723</ele>
        <time>2026-03-14T13:57:47.051Z</time>
      </trkpt>
      <trkpt lat="43.043048" lon="-0.638509">
        <ele>657.186785</ele>
        <time>2026-03-14T13:58:10.162Z</time>
      </trkpt>
      <trkpt lat="43.043010" lon="-0.638091">
        <ele>659.319722</ele>
        <time>2026-03-14T13:58:25.219Z</time>
      </trkpt>
      <trkpt lat="43.042968" lon="-0.637864">
        <ele>660.505445</ele>
        <time>2026-03-14T13:58:32.799Z</time>
      </trkpt>
      <trkpt lat="43.042920" lon="-0.637788">
        <ele>661.014077</ele>
        <time>2026-03-14T13:58:35.968Z</time>
      </trkpt>
      <trkpt lat="43.042769" lon="-0.637675">
        <ele>662.206545</ele>
        <time>2026-03-14T13:58:43.493Z</time>
      </trkpt>
      <trkpt lat="43.042569" lon="-0.637675">
        <ele>663.592262</ele>
        <time>2026-03-14T13:58:52.190Z</time>
      </trkpt>
      <trkpt lat="43.041946" lon="-0.637824">
        <ele>667.974214</ele>
        <time>2026-03-14T13:59:15.935Z</time>
      </trkpt>
      <trkpt lat="43.041888" lon="-0.637810">
        <ele>668.147007</ele>
        <time>2026-03-14T13:59:18.028Z</time>
      </trkpt>
      <trkpt lat="43.041765" lon="-0.637703">
        <ele>668.387718</ele>
        <time>2026-03-14T13:59:23.012Z</time>
      </trkpt>
      <trkpt lat="43.041715" lon="-0.637489">
        <ele>668.658893</ele>
        <time>2026-03-14T13:59:28.501Z</time>
      </trkpt>
      <trkpt lat="43.041578" lon="-0.636510">
        <ele>669.862009</ele>
        <time>2026-03-14T13:59:50.070Z</time>
      </trkpt>
      <trkpt lat="43.041435" lon="-0.635934">
        <ele>670.596257</ele>
        <time>2026-03-14T13:59:56.083Z</time>
      </trkpt>
      <trkpt lat="43.041364" lon="-0.635749">
        <ele>670.848466</ele>
        <time>2026-03-14T13:59:57.631Z</time>
      </trkpt>
      <trkpt lat="43.041126" lon="-0.635478">
        <ele>670.485373</ele>
        <time>2026-03-14T14:00:00.668Z</time>
      </trkpt>
      <trkpt lat="43.041033" lon="-0.635253">
        <ele>669.934046</ele>
        <time>2026-03-14T14:00:02.462Z</time>
      </trkpt>
      <trkpt lat="43.040905" lon="-0.634738">
        <ele>668.773832</ele>
        <time>2026-03-14T14:00:06.200Z</time>
      </trkpt>
      <trkpt lat="43.040897" lon="-0.634599">
        <ele>668.476443</ele>
        <time>2026-03-14T14:00:07.158Z</time>
      </trkpt>
      <trkpt lat="43.041136" lon="-0.632885">
        <ele>665.793747</ele>
        <time>2026-03-14T14:00:21.150Z</time>
      </trkpt>
      <trkpt lat="43.041181" lon="-0.632674">
        <ele>665.793261</ele>
        <time>2026-03-14T14:00:23.963Z</time>
      </trkpt>
      <trkpt lat="43.041259" lon="-0.632481">
        <ele>665.792774</ele>
        <time>2026-03-14T14:00:26.675Z</time>
      </trkpt>
      <trkpt lat="43.041325" lon="-0.632399">
        <ele>665.792504</ele>
        <time>2026-03-14T14:00:28.115Z</time>
      </trkpt>
      <trkpt lat="43.041490" lon="-0.632293">
        <ele>665.791953</ele>
        <time>2026-03-14T14:00:31.014Z</time>
      </trkpt>
      <trkpt lat="43.041544" lon="-0.632221">
        <ele>665.791725</ele>
        <time>2026-03-14T14:00:32.204Z</time>
      </trkpt>
      <trkpt lat="43.041575" lon="-0.632126">
        <ele>665.791495</ele>
        <time>2026-03-14T14:00:33.382Z</time>
      </trkpt>
      <trkpt lat="43.041556" lon="-0.631873">
        <ele>665.790933</ele>
        <time>2026-03-14T14:00:36.209Z</time>
      </trkpt>
      <trkpt lat="43.041295" lon="-0.631177">
        <ele>665.821702</ele>
        <time>2026-03-14T14:00:45.396Z</time>
      </trkpt>
      <trkpt lat="43.041001" lon="-0.630246">
        <ele>666.220479</ele>
        <time>2026-03-14T14:01:03.772Z</time>
      </trkpt>
      <trkpt lat="43.041032" lon="-0.630000">
        <ele>666.318633</ele>
        <time>2026-03-14T14:01:07.515Z</time>
      </trkpt>
      <trkpt lat="43.041211" lon="-0.629450">
        <ele>666.555364</ele>
        <time>2026-03-14T14:01:13.939Z</time>
      </trkpt>
      <trkpt lat="43.041231" lon="-0.629316">
        <ele>666.609140</ele>
        <time>2026-03-14T14:01:15.220Z</time>
      </trkpt>
      <trkpt lat="43.041218" lon="-0.629203">
        <ele>666.654118</ele>
        <time>2026-03-14T14:01:16.290Z</time>
      </trkpt>
      <trkpt lat="43.041150" lon="-0.629075">
        <ele>666.716339</ele>
        <time>2026-03-14T14:01:17.661Z</time>
      </trkpt>
      <trkpt lat="43.041056" lon="-0.629018">
        <ele>666.653150</ele>
        <time>2026-03-14T14:01:18.894Z</time>
      </trkpt>
      <trkpt lat="43.040971" lon="-0.629017">
        <ele>666.328048</ele>
        <time>2026-03-14T14:01:19.939Z</time>
      </trkpt>
      <trkpt lat="43.040612" lon="-0.629116">
        <ele>664.927409</ele>
        <time>2026-03-14T14:01:24.005Z</time>
      </trkpt>
      <trkpt lat="43.040516" lon="-0.629107">
        <ele>664.559387</ele>
        <time>2026-03-14T14:01:25.002Z</time>
      </trkpt>
      <trkpt lat="43.040435" lon="-0.629065">
        <ele>664.228095</ele>
        <time>2026-03-14T14:01:25.848Z</time>
      </trkpt>
      <trkpt lat="43.040160" lon="-0.628803">
        <ele>662.946468</ele>
        <time>2026-03-14T14:01:28.974Z</time>
      </trkpt>
      <trkpt lat="43.039941" lon="-0.628549">
        <ele>661.848442</ele>
        <time>2026-03-14T14:01:31.578Z</time>
      </trkpt>
      <trkpt lat="43.039725" lon="-0.628121">
        <ele>660.394543</ele>
        <time>2026-03-14T14:01:35.164Z</time>
      </trkpt>
      <trkpt lat="43.039456" lon="-0.627842">
        <ele>659.511129</ele>
        <time>2026-03-14T14:01:38.478Z</time>
      </trkpt>
      <trkpt lat="43.039128" lon="-0.627257">
        <ele>658.534858</ele>
        <time>2026-03-14T14:01:43.851Z</time>
      </trkpt>
      <trkpt lat="43.038472" lon="-0.626251">
        <ele>656.749704</ele>
        <time>2026-03-14T14:01:55.814Z</time>
      </trkpt>
      <trkpt lat="43.038403" lon="-0.626112">
        <ele>656.651461</ele>
        <time>2026-03-14T14:01:58.474Z</time>
      </trkpt>
      <trkpt lat="43.038359" lon="-0.625901">
        <ele>656.752259</ele>
        <time>2026-03-14T14:02:02.143Z</time>
      </trkpt>
      <trkpt lat="43.038369" lon="-0.625784">
        <ele>656.806373</ele>
        <time>2026-03-14T14:02:04.180Z</time>
      </trkpt>
      <trkpt lat="43.038468" lon="-0.625439">
        <ele>656.976638</ele>
        <time>2026-03-14T14:02:10.778Z</time>
      </trkpt>
      <trkpt lat="43.038483" lon="-0.625294">
        <ele>657.043913</ele>
        <time>2026-03-14T14:02:13.421Z</time>
      </trkpt>
      <trkpt lat="43.038463" lon="-0.624642">
        <ele>657.343695</ele>
        <time>2026-03-14T14:02:23.694Z</time>
      </trkpt>
      <trkpt lat="43.038492" lon="-0.623906">
        <ele>657.682293</ele>
        <time>2026-03-14T14:02:29.710Z</time>
      </trkpt>
      <trkpt lat="43.038527" lon="-0.623471">
        <ele>657.911063</ele>
        <time>2026-03-14T14:02:33.892Z</time>
      </trkpt>
      <trkpt lat="43.038629" lon="-0.622818">
        <ele>658.281588</ele>
        <time>2026-03-14T14:02:45.004Z</time>
      </trkpt>
      <trkpt lat="43.038685" lon="-0.622632">
        <ele>658.393211</ele>
        <time>2026-03-14T14:02:49.248Z</time>
      </trkpt>
      <trkpt lat="43.038782" lon="-0.622456">
        <ele>658.515525</ele>
        <time>2026-03-14T14:02:53.668Z</time>
      </trkpt>
      <trkpt lat="43.038880" lon="-0.622350">
        <ele>658.610367</ele>
        <time>2026-03-14T14:02:56.876Z</time>
      </trkpt>
      <trkpt lat="43.039363" lon="-0.622193">
        <ele>658.987263</ele>
        <time>2026-03-14T14:03:05.920Z</time>
      </trkpt>
      <trkpt lat="43.039570" lon="-0.622082">
        <ele>658.568610</ele>
        <time>2026-03-14T14:03:09.989Z</time>
      </trkpt>
      <trkpt lat="43.039703" lon="-0.621967">
        <ele>656.959457</ele>
        <time>2026-03-14T14:03:12.227Z</time>
      </trkpt>
      <trkpt lat="43.039775" lon="-0.621865">
        <ele>655.899438</ele>
        <time>2026-03-14T14:03:13.381Z</time>
      </trkpt>
      <trkpt lat="43.039804" lon="-0.621744">
        <ele>654.947547</ele>
        <time>2026-03-14T14:03:14.326Z</time>
      </trkpt>
      <trkpt lat="43.039808" lon="-0.621580">
        <ele>653.720930</ele>
        <time>2026-03-14T14:03:15.447Z</time>
      </trkpt>
      <trkpt lat="43.039775" lon="-0.621417">
        <ele>652.456588</ele>
        <time>2026-03-14T14:03:16.551Z</time>
      </trkpt>
      <trkpt lat="43.039137" lon="-0.619846">
        <ele>638.486191</ele>
        <time>2026-03-14T14:03:27.449Z</time>
      </trkpt>
      <trkpt lat="43.039080" lon="-0.619641">
        <ele>636.329258</ele>
        <time>2026-03-14T14:03:28.778Z</time>
      </trkpt>
      <trkpt lat="43.039050" lon="-0.619189">
        <ele>631.865976</ele>
        <time>2026-03-14T14:03:31.535Z</time>
      </trkpt>
      <trkpt lat="43.039084" lon="-0.618685">
        <ele>626.888545</ele>
        <time>2026-03-14T14:03:34.633Z</time>
      </trkpt>
      <trkpt lat="43.039133" lon="-0.618387">
        <ele>623.884753</ele>
        <time>2026-03-14T14:03:36.511Z</time>
      </trkpt>
      <trkpt lat="43.039608" lon="-0.616554">
        <ele>608.628912</ele>
        <time>2026-03-14T14:03:48.536Z</time>
      </trkpt>
      <trkpt lat="43.039699" lon="-0.615658">
        <ele>602.660177</ele>
        <time>2026-03-14T14:03:54.429Z</time>
      </trkpt>
      <trkpt lat="43.039754" lon="-0.615533">
        <ele>601.697487</ele>
        <time>2026-03-14T14:03:55.432Z</time>
      </trkpt>
      <trkpt lat="43.039866" lon="-0.615433">
        <ele>600.490149</ele>
        <time>2026-03-14T14:03:56.680Z</time>
      </trkpt>
      <trkpt lat="43.040420" lon="-0.615032">
        <ele>595.982517</ele>
        <time>2026-03-14T14:04:02.709Z</time>
      </trkpt>
      <trkpt lat="43.040583" lon="-0.614969">
        <ele>594.776241</ele>
        <time>2026-03-14T14:04:04.432Z</time>
      </trkpt>
      <trkpt lat="43.040991" lon="-0.614904">
        <ele>591.850926</ele>
        <time>2026-03-14T14:04:08.409Z</time>
      </trkpt>
      <trkpt lat="43.041222" lon="-0.614925">
        <ele>590.202169</ele>
        <time>2026-03-14T14:04:10.447Z</time>
      </trkpt>
      <trkpt lat="43.041335" lon="-0.614888">
        <ele>589.374685</ele>
        <time>2026-03-14T14:04:11.445Z</time>
      </trkpt>
      <trkpt lat="43.041419" lon="-0.614780">
        <ele>588.553782</ele>
        <time>2026-03-14T14:04:12.427Z</time>
      </trkpt>
      <trkpt lat="43.041384" lon="-0.614125">
        <ele>582.971178</ele>
        <time>2026-03-14T14:04:16.437Z</time>
      </trkpt>
      <trkpt lat="43.041388" lon="-0.613609">
        <ele>577.797284</ele>
        <time>2026-03-14T14:04:19.556Z</time>
      </trkpt>
      <trkpt lat="43.041487" lon="-0.612972">
        <ele>571.267692</ele>
        <time>2026-03-14T14:04:23.477Z</time>
      </trkpt>
      <trkpt lat="43.041513" lon="-0.612622">
        <ele>567.740392</ele>
        <time>2026-03-14T14:04:25.605Z</time>
      </trkpt>
      <trkpt lat="43.041478" lon="-0.611595">
        <ele>560.347421</ele>
        <time>2026-03-14T14:04:32.036Z</time>
      </trkpt>
      <trkpt lat="43.041483" lon="-0.611384">
        <ele>559.380946</ele>
        <time>2026-03-14T14:04:33.444Z</time>
      </trkpt>
      <trkpt lat="43.041510" lon="-0.611245">
        <ele>558.722507</ele>
        <time>2026-03-14T14:04:34.437Z</time>
      </trkpt>
      <trkpt lat="43.041696" lon="-0.610821">
        <ele>556.458606</ele>
        <time>2026-03-14T14:04:38.059Z</time>
      </trkpt>
      <trkpt lat="43.041844" lon="-0.610326">
        <ele>554.010189</ele>
        <time>2026-03-14T14:04:42.065Z</time>
      </trkpt>
      <trkpt lat="43.041793" lon="-0.609984">
        <ele>552.412248</ele>
        <time>2026-03-14T14:04:44.637Z</time>
      </trkpt>
      <trkpt lat="43.041797" lon="-0.609713">
        <ele>550.946177</ele>
        <time>2026-03-14T14:04:46.563Z</time>
      </trkpt>
      <trkpt lat="43.041859" lon="-0.609571">
        <ele>549.714137</ele>
        <time>2026-03-14T14:04:47.679Z</time>
      </trkpt>
      <trkpt lat="43.042144" lon="-0.609226">
        <ele>545.836045</ele>
        <time>2026-03-14T14:04:51.012Z</time>
      </trkpt>
      <trkpt lat="43.042254" lon="-0.609052">
        <ele>544.122454</ele>
        <time>2026-03-14T14:04:52.442Z</time>
      </trkpt>
      <trkpt lat="43.042362" lon="-0.608784">
        <ele>541.842960</ele>
        <time>2026-03-14T14:04:54.334Z</time>
      </trkpt>
      <trkpt lat="43.042401" lon="-0.608553">
        <ele>540.077085</ele>
        <time>2026-03-14T14:04:55.795Z</time>
      </trkpt>
      <trkpt lat="43.042410" lon="-0.608191">
        <ele>537.379232</ele>
        <time>2026-03-14T14:04:58.016Z</time>
      </trkpt>
      <trkpt lat="43.042368" lon="-0.607885">
        <ele>535.060200</ele>
        <time>2026-03-14T14:04:59.928Z</time>
      </trkpt>
      <trkpt lat="43.042299" lon="-0.607760">
        <ele>533.893438</ele>
        <time>2026-03-14T14:05:00.888Z</time>
      </trkpt>
      <trkpt lat="43.042138" lon="-0.607616">
        <ele>531.660019</ele>
        <time>2026-03-14T14:05:02.522Z</time>
      </trkpt>
      <trkpt lat="43.041964" lon="-0.607581">
        <ele>529.481168</ele>
        <time>2026-03-14T14:05:04.007Z</time>
      </trkpt>
      <trkpt lat="43.041204" lon="-0.607687">
        <ele>520.016758</ele>
        <time>2026-03-14T14:05:10.489Z</time>
      </trkpt>
      <trkpt lat="43.041078" lon="-0.607720">
        <ele>518.427407</ele>
        <time>2026-03-14T14:05:11.582Z</time>
      </trkpt>
      <trkpt lat="43.040863" lon="-0.607869">
        <ele>515.441588</ele>
        <time>2026-03-14T14:05:13.610Z</time>
      </trkpt>
      <trkpt lat="43.040764" lon="-0.607878">
        <ele>514.212375</ele>
        <time>2026-03-14T14:05:14.442Z</time>
      </trkpt>
      <trkpt lat="43.040208" lon="-0.607688">
        <ele>508.021513</ele>
        <time>2026-03-14T14:05:19.221Z</time>
      </trkpt>
      <trkpt lat="43.040101" lon="-0.607679">
        <ele>507.010752</ele>
        <time>2026-03-14T14:05:20.112Z</time>
      </trkpt>
      <trkpt lat="43.039990" lon="-0.607709">
        <ele>505.943959</ele>
        <time>2026-03-14T14:05:21.052Z</time>
      </trkpt>
      <trkpt lat="43.039870" lon="-0.607787">
        <ele>504.691344</ele>
        <time>2026-03-14T14:05:22.160Z</time>
      </trkpt>
      <trkpt lat="43.039494" lon="-0.608153">
        <ele>500.340558</ele>
        <time>2026-03-14T14:05:26.094Z</time>
      </trkpt>
      <trkpt lat="43.039429" lon="-0.608250">
        <ele>499.433689</ele>
        <time>2026-03-14T14:05:26.939Z</time>
      </trkpt>
      <trkpt lat="43.039403" lon="-0.608387">
        <ele>498.458288</ele>
        <time>2026-03-14T14:05:27.862Z</time>
      </trkpt>
      <trkpt lat="43.039400" lon="-0.608552">
        <ele>497.320890</ele>
        <time>2026-03-14T14:05:28.969Z</time>
      </trkpt>
      <trkpt lat="43.039443" lon="-0.608777">
        <ele>495.718243</ele>
        <time>2026-03-14T14:05:30.612Z</time>
      </trkpt>
      <trkpt lat="43.039751" lon="-0.609571">
        <ele>489.874021</ele>
        <time>2026-03-14T14:05:38.482Z</time>
      </trkpt>
      <trkpt lat="43.039908" lon="-0.610102">
        <ele>486.238539</ele>
        <time>2026-03-14T14:05:42.769Z</time>
      </trkpt>
      <trkpt lat="43.039924" lon="-0.610248">
        <ele>485.301545</ele>
        <time>2026-03-14T14:05:43.748Z</time>
      </trkpt>
      <trkpt lat="43.039895" lon="-0.610401">
        <ele>484.298360</ele>
        <time>2026-03-14T14:05:44.761Z</time>
      </trkpt>
      <trkpt lat="43.039840" lon="-0.610441">
        <ele>483.757470</ele>
        <time>2026-03-14T14:05:45.300Z</time>
      </trkpt>
      <trkpt lat="43.039661" lon="-0.610418">
        <ele>482.196228</ele>
        <time>2026-03-14T14:05:46.823Z</time>
      </trkpt>
      <trkpt lat="43.039571" lon="-0.610371">
        <ele>481.359691</ele>
        <time>2026-03-14T14:05:47.619Z</time>
      </trkpt>
      <trkpt lat="43.039411" lon="-0.610189">
        <ele>479.552821</ele>
        <time>2026-03-14T14:05:49.344Z</time>
      </trkpt>
      <trkpt lat="43.039328" lon="-0.609984">
        <ele>477.760466</ele>
        <time>2026-03-14T14:05:50.745Z</time>
      </trkpt>
      <trkpt lat="43.039240" lon="-0.609846">
        <ele>475.301823</ele>
        <time>2026-03-14T14:05:51.840Z</time>
      </trkpt>
      <trkpt lat="43.039039" lon="-0.609659">
        <ele>470.837192</ele>
        <time>2026-03-14T14:05:53.818Z</time>
      </trkpt>
      <trkpt lat="43.038842" lon="-0.609556">
        <ele>466.963502</ele>
        <time>2026-03-14T14:05:55.537Z</time>
      </trkpt>
      <trkpt lat="43.038527" lon="-0.609476">
        <ele>461.078766</ele>
        <time>2026-03-14T14:05:58.152Z</time>
      </trkpt>
      <trkpt lat="43.038462" lon="-0.609472">
        <ele>459.883643</ele>
        <time>2026-03-14T14:05:58.680Z</time>
      </trkpt>
      <trkpt lat="43.038399" lon="-0.609533">
        <ele>458.466001</ele>
        <time>2026-03-14T14:05:59.310Z</time>
      </trkpt>
      <trkpt lat="43.038364" lon="-0.609645">
        <ele>456.830725</ele>
        <time>2026-03-14T14:06:00.035Z</time>
      </trkpt>
      <trkpt lat="43.038264" lon="-0.610433">
        <ele>446.093487</ele>
        <time>2026-03-14T14:06:04.856Z</time>
      </trkpt>
      <trkpt lat="43.038218" lon="-0.610624">
        <ele>444.447701</ele>
        <time>2026-03-14T14:06:06.086Z</time>
      </trkpt>
      <trkpt lat="43.038094" lon="-0.610979">
        <ele>442.083789</ele>
        <time>2026-03-14T14:06:08.528Z</time>
      </trkpt>
      <trkpt lat="43.038032" lon="-0.611098">
        <ele>441.205774</ele>
        <time>2026-03-14T14:06:09.453Z</time>
      </trkpt>
      <trkpt lat="43.037907" lon="-0.611206">
        <ele>439.990528</ele>
        <time>2026-03-14T14:06:10.730Z</time>
      </trkpt>
      <trkpt lat="43.037828" lon="-0.611340">
        <ele>438.956183</ele>
        <time>2026-03-14T14:06:11.832Z</time>
      </trkpt>
      <trkpt lat="43.037631" lon="-0.612328">
        <ele>432.803245</ele>
        <time>2026-03-14T14:06:18.572Z</time>
      </trkpt>
      <trkpt lat="43.037381" lon="-0.613052">
        <ele>431.330625</ele>
        <time>2026-03-14T14:06:24.457Z</time>
      </trkpt>
      <trkpt lat="43.037255" lon="-0.613714">
        <ele>432.656357</ele>
        <time>2026-03-14T14:06:33.081Z</time>
      </trkpt>
      <trkpt lat="43.037042" lon="-0.614565">
        <ele>434.399608</ele>
        <time>2026-03-14T14:06:56.982Z</time>
      </trkpt>
      <trkpt lat="43.036848" lon="-0.615092">
        <ele>435.368580</ele>
        <time>2026-03-14T14:07:18.131Z</time>
      </trkpt>
      <trkpt lat="43.036703" lon="-0.615596">
        <ele>435.707032</ele>
        <time>2026-03-14T14:07:35.033Z</time>
      </trkpt>
      <trkpt lat="43.036616" lon="-0.615777">
        <ele>435.842398</ele>
        <time>2026-03-14T14:07:40.806Z</time>
      </trkpt>
      <trkpt lat="43.036542" lon="-0.615909">
        <ele>435.946349</ele>
        <time>2026-03-14T14:07:44.837Z</time>
      </trkpt>
      <trkpt lat="43.036452" lon="-0.615996">
        <ele>436.040559</ele>
        <time>2026-03-14T14:07:48.178Z</time>
      </trkpt>
      <trkpt lat="43.036387" lon="-0.616007">
        <ele>436.096551</ele>
        <time>2026-03-14T14:07:49.772Z</time>
      </trkpt>
      <trkpt lat="43.036332" lon="-0.615973">
        <ele>436.148149</ele>
        <time>2026-03-14T14:07:51.172Z</time>
      </trkpt>
      <trkpt lat="43.036281" lon="-0.615757">
        <ele>436.289989</ele>
        <time>2026-03-14T14:07:54.020Z</time>
      </trkpt>
      <trkpt lat="43.036278" lon="-0.615135">
        <ele>436.678669</ele>
        <time>2026-03-14T14:07:58.582Z</time>
      </trkpt>
      <trkpt lat="43.036324" lon="-0.614668">
        <ele>435.068995</ele>
        <time>2026-03-14T14:08:01.601Z</time>
      </trkpt>
      <trkpt lat="43.036382" lon="-0.614438">
        <ele>433.290228</ele>
        <time>2026-03-14T14:08:03.110Z</time>
      </trkpt>
      <trkpt lat="43.036459" lon="-0.614253">
        <ele>431.733802</ele>
        <time>2026-03-14T14:08:04.424Z</time>
      </trkpt>
      <trkpt lat="43.036696" lon="-0.613907">
        <ele>428.267082</ele>
        <time>2026-03-14T14:08:07.346Z</time>
      </trkpt>
      <trkpt lat="43.036743" lon="-0.613781">
        <ele>427.232891</ele>
        <time>2026-03-14T14:08:08.215Z</time>
      </trkpt>
      <trkpt lat="43.036762" lon="-0.613609">
        <ele>425.961147</ele>
        <time>2026-03-14T14:08:09.288Z</time>
      </trkpt>
      <trkpt lat="43.036728" lon="-0.613189">
        <ele>422.871818</ele>
        <time>2026-03-14T14:08:11.898Z</time>
      </trkpt>
      <trkpt lat="43.036561" lon="-0.612877">
        <ele>420.044614</ele>
        <time>2026-03-14T14:08:14.306Z</time>
      </trkpt>
      <trkpt lat="43.036544" lon="-0.612767">
        <ele>419.222639</ele>
        <time>2026-03-14T14:08:15.019Z</time>
      </trkpt>
      <trkpt lat="43.036657" lon="-0.612139">
        <ele>416.370009</ele>
        <time>2026-03-14T14:08:19.316Z</time>
      </trkpt>
      <trkpt lat="43.036648" lon="-0.611540">
        <ele>413.883643</ele>
        <time>2026-03-14T14:08:23.506Z</time>
      </trkpt>
      <trkpt lat="43.036621" lon="-0.611146">
        <ele>412.241377</ele>
        <time>2026-03-14T14:08:26.318Z</time>
      </trkpt>
      <trkpt lat="43.036515" lon="-0.610756">
        <ele>410.514603</ele>
        <time>2026-03-14T14:08:29.238Z</time>
      </trkpt>
      <trkpt lat="43.036429" lon="-0.610301">
        <ele>408.529268</ele>
        <time>2026-03-14T14:08:32.531Z</time>
      </trkpt>
      <trkpt lat="43.036443" lon="-0.609901">
        <ele>405.830991</ele>
        <time>2026-03-14T14:08:35.333Z</time>
      </trkpt>
      <trkpt lat="43.036545" lon="-0.609515">
        <ele>403.065384</ele>
        <time>2026-03-14T14:08:38.024Z</time>
      </trkpt>
      <trkpt lat="43.036643" lon="-0.609024">
        <ele>399.635918</ele>
        <time>2026-03-14T14:08:41.238Z</time>
      </trkpt>
      <trkpt lat="43.036642" lon="-0.608816">
        <ele>398.234395</ele>
        <time>2026-03-14T14:08:42.524Z</time>
      </trkpt>
      <trkpt lat="43.036524" lon="-0.607706">
        <ele>390.542424</ele>
        <time>2026-03-14T14:08:49.463Z</time>
      </trkpt>
      <trkpt lat="43.036477" lon="-0.607282">
        <ele>387.368461</ele>
        <time>2026-03-14T14:08:52.112Z</time>
      </trkpt>
      <trkpt lat="43.036442" lon="-0.607164">
        <ele>386.425957</ele>
        <time>2026-03-14T14:08:52.902Z</time>
      </trkpt>
      <trkpt lat="43.036387" lon="-0.607076">
        <ele>385.569014</ele>
        <time>2026-03-14T14:08:53.615Z</time>
      </trkpt>
      <trkpt lat="43.036290" lon="-0.607013">
        <ele>384.481756</ele>
        <time>2026-03-14T14:08:54.527Z</time>
      </trkpt>
      <trkpt lat="43.036189" lon="-0.606996">
        <ele>383.451340</ele>
        <time>2026-03-14T14:08:55.390Z</time>
      </trkpt>
      <trkpt lat="43.035970" lon="-0.607099">
        <ele>381.106419</ele>
        <time>2026-03-14T14:08:57.370Z</time>
      </trkpt>
      <trkpt lat="43.035849" lon="-0.607133">
        <ele>379.855624</ele>
        <time>2026-03-14T14:08:58.424Z</time>
      </trkpt>
      <trkpt lat="43.035779" lon="-0.607068">
        <ele>378.998978</ele>
        <time>2026-03-14T14:08:59.148Z</time>
      </trkpt>
      <trkpt lat="43.035756" lon="-0.606914">
        <ele>377.835640</ele>
        <time>2026-03-14T14:09:00.134Z</time>
      </trkpt>
      <trkpt lat="43.035834" lon="-0.606793">
        <ele>376.641568</ele>
        <time>2026-03-14T14:09:01.155Z</time>
      </trkpt>
      <trkpt lat="43.036424" lon="-0.606781">
        <ele>372.927431</ele>
        <time>2026-03-14T14:09:06.531Z</time>
      </trkpt>
      <trkpt lat="43.036521" lon="-0.606726">
        <ele>372.624820</ele>
        <time>2026-03-14T14:09:07.482Z</time>
      </trkpt>
      <trkpt lat="43.036566" lon="-0.606606">
        <ele>372.340712</ele>
        <time>2026-03-14T14:09:08.373Z</time>
      </trkpt>
      <trkpt lat="43.036549" lon="-0.606367">
        <ele>371.834880</ele>
        <time>2026-03-14T14:09:10.002Z</time>
      </trkpt>
      <trkpt lat="43.035924" lon="-0.606397">
        <ele>370.032527</ele>
        <time>2026-03-14T14:09:20.908Z</time>
      </trkpt>
      <trkpt lat="43.035153" lon="-0.606340">
        <ele>368.866521</ele>
        <time>2026-03-14T14:09:37.057Z</time>
      </trkpt>
      <trkpt lat="43.034667" lon="-0.606232">
        <ele>369.245603</ele>
        <time>2026-03-14T14:09:47.872Z</time>
      </trkpt>
      <trkpt lat="43.034341" lon="-0.606029">
        <ele>369.521370</ele>
        <time>2026-03-14T14:09:53.594Z</time>
      </trkpt>
      <trkpt lat="43.034061" lon="-0.605907">
        <ele>369.747615</ele>
        <time>2026-03-14T14:09:58.150Z</time>
      </trkpt>
      <trkpt lat="43.033560" lon="-0.605694">
        <ele>370.653508</ele>
        <time>2026-03-14T14:10:08.326Z</time>
      </trkpt>
      <trkpt lat="43.032217" lon="-0.605010">
        <ele>376.240057</ele>
        <time>2026-03-14T14:10:56.820Z</time>
      </trkpt>
      <trkpt lat="43.031872" lon="-0.604806">
        <ele>377.578577</ele>
        <time>2026-03-14T14:11:08.614Z</time>
      </trkpt>
      <trkpt lat="43.030779" lon="-0.604295">
        <ele>381.224332</ele>
        <time>2026-03-14T14:11:41.736Z</time>
      </trkpt>
      <trkpt lat="43.030447" lon="-0.604129">
        <ele>382.340030</ele>
        <time>2026-03-14T14:11:50.477Z</time>
      </trkpt>
      <trkpt lat="43.030230" lon="-0.604058">
        <ele>382.754332</ele>
        <time>2026-03-14T14:11:55.693Z</time>
      </trkpt>
      <trkpt lat="43.030017" lon="-0.603945">
        <ele>382.836836</ele>
        <time>2026-03-14T14:12:00.759Z</time>
      </trkpt>
      <trkpt lat="43.028354" lon="-0.603008">
        <ele>382.929537</ele>
        <time>2026-03-14T14:12:26.824Z</time>
      </trkpt>
      <trkpt lat="43.027580" lon="-0.602771">
        <ele>381.886021</ele>
        <time>2026-03-14T14:12:35.469Z</time>
      </trkpt>
      <trkpt lat="43.026477" lon="-0.602601">
        <ele>381.833504</ele>
        <time>2026-03-14T14:12:48.121Z</time>
      </trkpt>
      <trkpt lat="43.025828" lon="-0.602423">
        <ele>383.097197</ele>
        <time>2026-03-14T14:13:02.098Z</time>
      </trkpt>
      <trkpt lat="43.025539" lon="-0.602289">
        <ele>383.679774</ele>
        <time>2026-03-14T14:13:11.423Z</time>
      </trkpt>
      <trkpt lat="43.024212" lon="-0.601442">
        <ele>388.582603</ele>
        <time>2026-03-14T14:14:02.896Z</time>
      </trkpt>
      <trkpt lat="43.023799" lon="-0.601310">
        <ele>390.228058</ele>
        <time>2026-03-14T14:14:15.603Z</time>
      </trkpt>
      <trkpt lat="43.023484" lon="-0.601280">
        <ele>391.397427</ele>
        <time>2026-03-14T14:14:23.384Z</time>
      </trkpt>
      <trkpt lat="43.022978" lon="-0.601306">
        <ele>390.699974</ele>
        <time>2026-03-14T14:14:31.182Z</time>
      </trkpt>
      <trkpt lat="43.022652" lon="-0.601399">
        <ele>390.241282</ele>
        <time>2026-03-14T14:14:35.068Z</time>
      </trkpt>
      <trkpt lat="43.022408" lon="-0.601506">
        <ele>389.888348</ele>
        <time>2026-03-14T14:14:37.859Z</time>
      </trkpt>
      <trkpt lat="43.021891" lon="-0.601855">
        <ele>389.094234</ele>
        <time>2026-03-14T14:14:43.643Z</time>
      </trkpt>
      <trkpt lat="43.021138" lon="-0.602150">
        <ele>389.561759</ele>
        <time>2026-03-14T14:14:51.555Z</time>
      </trkpt>
      <trkpt lat="43.020984" lon="-0.602219">
        <ele>389.714054</ele>
        <time>2026-03-14T14:14:53.533Z</time>
      </trkpt>
      <trkpt lat="43.020960" lon="-0.602228">
        <ele>389.737441</ele>
        <time>2026-03-14T14:14:53.924Z</time>
      </trkpt>
      <trkpt lat="43.020130" lon="-0.602566">
        <ele>390.551306</ele>
        <time>2026-03-14T14:15:18.360Z</time>
      </trkpt>
      <trkpt lat="43.020060" lon="-0.602596">
        <ele>390.620245</ele>
        <time>2026-03-14T14:15:21.352Z</time>
      </trkpt>
      <trkpt lat="43.019818" lon="-0.602670">
        <ele>391.786855</ele>
        <time>2026-03-14T14:15:31.862Z</time>
      </trkpt>
      <trkpt lat="43.019495" lon="-0.602719">
        <ele>393.340823</ele>
        <time>2026-03-14T14:15:46.102Z</time>
      </trkpt>
      <trkpt lat="43.018694" lon="-0.602711">
        <ele>397.171088</ele>
        <time>2026-03-14T14:16:18.666Z</time>
      </trkpt>
      <trkpt lat="43.018340" lon="-0.602762">
        <ele>398.873183</ele>
        <time>2026-03-14T14:16:28.837Z</time>
      </trkpt>
      <trkpt lat="43.017791" lon="-0.602973">
        <ele>397.938254</ele>
        <time>2026-03-14T14:16:36.289Z</time>
      </trkpt>
      <trkpt lat="43.017408" lon="-0.603232">
        <ele>396.830656</ele>
        <time>2026-03-14T14:16:40.651Z</time>
      </trkpt>
      <trkpt lat="43.017107" lon="-0.603517">
        <ele>395.881625</ele>
        <time>2026-03-14T14:16:44.147Z</time>
      </trkpt>
      <trkpt lat="43.016737" lon="-0.604007">
        <ele>394.547493</ele>
        <time>2026-03-14T14:16:48.986Z</time>
      </trkpt>
      <trkpt lat="43.016324" lon="-0.604720">
        <ele>392.928529</ele>
        <time>2026-03-14T14:16:55.371Z</time>
      </trkpt>
      <trkpt lat="43.016102" lon="-0.605039">
        <ele>392.144706</ele>
        <time>2026-03-14T14:16:58.762Z</time>
      </trkpt>
      <trkpt lat="43.015993" lon="-0.605156">
        <ele>391.807418</ele>
        <time>2026-03-14T14:17:00.278Z</time>
      </trkpt>
      <trkpt lat="43.015646" lon="-0.605401">
        <ele>390.856829</ele>
        <time>2026-03-14T14:17:04.969Z</time>
      </trkpt>
      <trkpt lat="43.015355" lon="-0.605488">
        <ele>390.205117</ele>
        <time>2026-03-14T14:17:09.310Z</time>
      </trkpt>
      <trkpt lat="43.015133" lon="-0.605499">
        <ele>390.415752</ele>
        <time>2026-03-14T14:17:13.087Z</time>
      </trkpt>
      <trkpt lat="43.014805" lon="-0.605422">
        <ele>390.731305</ele>
        <time>2026-03-14T14:17:19.318Z</time>
      </trkpt>
      <trkpt lat="43.014474" lon="-0.605216">
        <ele>391.076122</ele>
        <time>2026-03-14T14:17:26.374Z</time>
      </trkpt>
      <trkpt lat="43.013255" lon="-0.604141">
        <ele>392.726847</ele>
        <time>2026-03-14T14:17:55.912Z</time>
      </trkpt>
      <trkpt lat="43.012219" lon="-0.603221">
        <ele>394.492999</ele>
        <time>2026-03-14T14:18:22.276Z</time>
      </trkpt>
      <trkpt lat="43.012026" lon="-0.603061">
        <ele>394.971651</ele>
        <time>2026-03-14T14:18:26.119Z</time>
      </trkpt>
      <trkpt lat="43.011797" lon="-0.602931">
        <ele>395.497501</ele>
        <time>2026-03-14T14:18:29.520Z</time>
      </trkpt>
      <trkpt lat="43.011457" lon="-0.602871">
        <ele>396.224562</ele>
        <time>2026-03-14T14:18:36.474Z</time>
      </trkpt>
      <trkpt lat="43.011228" lon="-0.602923">
        <ele>396.716881</ele>
        <time>2026-03-14T14:18:41.958Z</time>
      </trkpt>
      <trkpt lat="43.010999" lon="-0.603103">
        <ele>397.277056</ele>
        <time>2026-03-14T14:18:48.498Z</time>
      </trkpt>
      <trkpt lat="43.010974" lon="-0.603194">
        <ele>397.427811</ele>
        <time>2026-03-14T14:18:50.069Z</time>
      </trkpt>
      <trkpt lat="43.010924" lon="-0.603263">
        <ele>397.578459</ele>
        <time>2026-03-14T14:18:51.903Z</time>
      </trkpt>
      <trkpt lat="43.010859" lon="-0.603300">
        <ele>397.727778</ele>
        <time>2026-03-14T14:18:53.637Z</time>
      </trkpt>
      <trkpt lat="43.010788" lon="-0.603298">
        <ele>397.878389</ele>
        <time>2026-03-14T14:18:55.574Z</time>
      </trkpt>
      <trkpt lat="43.010704" lon="-0.603237">
        <ele>398.080097</ele>
        <time>2026-03-14T14:18:58.145Z</time>
      </trkpt>
      <trkpt lat="43.010660" lon="-0.603143">
        <ele>398.269465</ele>
        <time>2026-03-14T14:19:00.594Z</time>
      </trkpt>
      <trkpt lat="43.010652" lon="-0.603032">
        <ele>398.879890</ele>
        <time>2026-03-14T14:19:02.945Z</time>
      </trkpt>
      <trkpt lat="43.010670" lon="-0.602953">
        <ele>399.332744</ele>
        <time>2026-03-14T14:19:04.861Z</time>
      </trkpt>
      <trkpt lat="43.010568" lon="-0.602703">
        <ele>400.899514</ele>
        <time>2026-03-14T14:19:11.748Z</time>
      </trkpt>
      <trkpt lat="43.010394" lon="-0.602562">
        <ele>402.413259</ele>
        <time>2026-03-14T14:19:19.396Z</time>
      </trkpt>
      <trkpt lat="43.009987" lon="-0.602345">
        <ele>405.682734</ele>
        <time>2026-03-14T14:19:40.746Z</time>
      </trkpt>
      <trkpt lat="43.009780" lon="-0.602299">
        <ele>407.252328</ele>
        <time>2026-03-14T14:19:51.382Z</time>
      </trkpt>
      <trkpt lat="43.009533" lon="-0.602352">
        <ele>409.123595</ele>
        <time>2026-03-14T14:20:04.129Z</time>
      </trkpt>
      <trkpt lat="43.009302" lon="-0.602300">
        <ele>410.875760</ele>
        <time>2026-03-14T14:20:16.504Z</time>
      </trkpt>
      <trkpt lat="43.008735" lon="-0.602089">
        <ele>415.624782</ele>
        <time>2026-03-14T14:20:49.803Z</time>
      </trkpt>
      <trkpt lat="43.007554" lon="-0.601765">
        <ele>425.527663</ele>
        <time>2026-03-14T14:21:51.670Z</time>
      </trkpt>
      <trkpt lat="43.006575" lon="-0.601494">
        <ele>426.363344</ele>
        <time>2026-03-14T14:22:13.984Z</time>
      </trkpt>
      <trkpt lat="43.005471" lon="-0.601179">
        <ele>425.636308</ele>
        <time>2026-03-14T14:22:25.292Z</time>
      </trkpt>
      <trkpt lat="43.004934" lon="-0.601098">
        <ele>424.122441</ele>
        <time>2026-03-14T14:22:30.672Z</time>
      </trkpt>
      <trkpt lat="43.004537" lon="-0.601099">
        <ele>423.009997</ele>
        <time>2026-03-14T14:22:34.864Z</time>
      </trkpt>
      <trkpt lat="43.004211" lon="-0.601099">
        <ele>422.096505</ele>
        <time>2026-03-14T14:22:38.514Z</time>
      </trkpt>
      <trkpt lat="43.001069" lon="-0.601103">
        <ele>415.491380</ele>
        <time>2026-03-14T14:23:12.003Z</time>
      </trkpt>
      <trkpt lat="43.000844" lon="-0.601099">
        <ele>415.173348</ele>
        <time>2026-03-14T14:23:15.341Z</time>
      </trkpt>
      <trkpt lat="43.000557" lon="-0.601107">
        <ele>414.767631</ele>
        <time>2026-03-14T14:23:19.527Z</time>
      </trkpt>
      <trkpt lat="43.000470" lon="-0.601084">
        <ele>414.642391</ele>
        <time>2026-03-14T14:23:20.780Z</time>
      </trkpt>
      <trkpt lat="43.000322" lon="-0.601079">
        <ele>414.433151</ele>
        <time>2026-03-14T14:23:22.795Z</time>
      </trkpt>
      <trkpt lat="43.000214" lon="-0.601117">
        <ele>414.364508</ele>
        <time>2026-03-14T14:23:24.271Z</time>
      </trkpt>
      <trkpt lat="42.999747" lon="-0.601117">
        <ele>414.225070</ele>
        <time>2026-03-14T14:23:30.679Z</time>
      </trkpt>
      <trkpt lat="42.999081" lon="-0.601105">
        <ele>414.026197</ele>
        <time>2026-03-14T14:23:40.273Z</time>
      </trkpt>
      <trkpt lat="42.998840" lon="-0.601111">
        <ele>413.954227</ele>
        <time>2026-03-14T14:23:43.305Z</time>
      </trkpt>
      <trkpt lat="42.998717" lon="-0.601105">
        <ele>413.917478</ele>
        <time>2026-03-14T14:23:44.814Z</time>
      </trkpt>
      <trkpt lat="42.998595" lon="-0.601100">
        <ele>413.881035</ele>
        <time>2026-03-14T14:23:46.332Z</time>
      </trkpt>
      <trkpt lat="42.998317" lon="-0.601072">
        <ele>413.851296</ele>
        <time>2026-03-14T14:23:49.979Z</time>
      </trkpt>
      <trkpt lat="42.998317" lon="-0.601019">
        <ele>413.851296</ele>
        <time>2026-03-14T14:23:50.511Z</time>
      </trkpt>
      <trkpt lat="42.998281" lon="-0.600720">
        <ele>413.851296</ele>
        <time>2026-03-14T14:23:53.925Z</time>
      </trkpt>
      <trkpt lat="42.998281" lon="-0.600503">
        <ele>413.851296</ele>
        <time>2026-03-14T14:23:56.668Z</time>
      </trkpt>
      <trkpt lat="42.998377" lon="-0.600405">
        <ele>413.851296</ele>
        <time>2026-03-14T14:23:58.775Z</time>
      </trkpt>
      <trkpt lat="42.998391" lon="-0.600393">
        <ele>413.851296</ele>
        <time>2026-03-14T14:23:59.069Z</time>
      </trkpt>
      <trkpt lat="42.998209" lon="-0.600210">
        <ele>413.851296</ele>
        <time>2026-03-14T14:24:03.196Z</time>
      </trkpt>
      <trkpt lat="42.998133" lon="-0.600163">
        <ele>413.851296</ele>
        <time>2026-03-14T14:24:04.601Z</time>
      </trkpt>
    </trkseg>
  </trk>
</gpx>